Workbook
Name pic: INDEX([1]!Table1[รูปภาพ],MATCH(#REF!,[1]!Table1[สินค้า],0))

Sheet Setup picture
B2: ເຂື່ອນ | C2: ຮູບພາບ
B3: (All) | C3: #VALUE!
B4: NEM | C4: #VALUE!
B5: NK2 | C5: #VALUE!
B6: NK3 | C6: #VALUE!
B7: NNG3A | C7: #VALUE!
B8: XNN1 | C8: #VALUE!
B9: NSPC | C9: #VALUE!

Sheet DATA
B1: NEM | Q1: NK3 | AF1: NK2 | AU1: NNG3A | BI1: XNN1 | BW1: NSPC (NamPhak+NamPha Reservoir (US)) | CL1: NSPC (PhouPong Reservoir (DS))
A2: ວັນທີ | B2: ປະລິມານ ນໍ້າຝົນ (mm) | C2: ແຜນນໍ້າເຂົ້າ (MCM) | D2: ນໍ້າເຂົ້າ (MCM) | E2: ນໍ້າອອກTB discharge (MCM) | F2: ນໍ້າລົ້ນ Overflow (MCM) | G2: ບໍລິມາດນໍ້າໃນອ່າງ (MCM) | H2: % ນໍ້າໃນອ່າງ | I2: ນໍ້າໃຊ້ໄດ້ (MCM) | J2: % ນໍ້າໃຊ້ໄດ້ | K2: ລະດັບນໍ້າ ສູງສຸດ MASL | L2: ລະດັບນໍ້າ ຕໍ່າສຸດ MASL | M2: ລະດັບນໍ້າຈີງ ເຂື່ອນຫຼັກ MASL | N2: ລະດັບນໍ້າຈີງ ເຂື່ອນອ່ວຍນໍ້າ MASL | O2: ແຜນພະລັງງານ (GWh) | P2: ພະລັງງານຈີງ (GWh) | Q2: ປະລິມານ ນໍ້າຝົນ (mm) | R2: ແຜນນໍ້າເຂົ້າ (MCM) | S2: ນໍ້າເຂົ້າ (MCM) | T2: ນໍ້າອອກTB discharge (MCM) | U2: ນໍ້າລົ້ນ Overflow (MCM) | V2: ບໍລິມາດນໍ້າໃນອ່າງ (MCM) | W2: % ນໍ້າໃນອ່າງ | X2: ນໍ້າໃຊ້ໄດ້ (MCM) | Y2: % ນໍ້າໃຊ້ໄດ້ | Z2: ລະດັບນໍ້າ ສູງສຸດ MASL | AA2: ລະດັບນໍ້າ ຕໍ່າສຸດ MASL | AB2: Plan WL masl | AC2: ລະດັບນໍ້າຈີງ MASL | AD2: ແຜນພະລັງງານ (GWh) | AE2: ພະລັງງານຈີງ (GWh) | AF2: ປະລິມານ ນໍ້າຝົນ (mm) | AG2: ແຜນນໍ້າເຂົ້າ (MCM) | AH2: ນໍ້າເຂົ້າ (MCM) | AI2: ນໍ້າອອກTB discharge (MCM) | AJ2: ນໍ້າລົ້ນ Overflow (MCM) | AK2: ບໍລິມາດນໍ້າໃນອ່າງ (MCM) | AL2: % ນໍ້າໃນອ່າງ | AM2: ນໍ້າໃຊ້ໄດ້ (MCM) | AN2: % ນໍ້າໃຊ້ໄດ້ | AO2: ລະດັບນໍ້າ ສູງສຸດ MASL | AP2: ລະດັບນໍ້າ ຕໍ່າສຸດ MASL | AQ2: Plan WL masl | AR2: ລະດັບນໍ້າຈີງ MASL | AS2: ແຜນພະລັງງານ (GWh) | AT2: ພະລັງງານຈີງ (GWh) | AU2: ປະລິມານ ນໍ້າຝົນ (mm) | AV2: ແຜນນໍ້າເຂົ້າ (MCM) | AW2: ນໍ້າເຂົ້າ (MCM) | AX2: ນໍ້າອອກTB discharge (MCM) | AY2: ນໍ້າລົ້ນ Overflow (MCM) | AZ2: ບໍລິມາດນໍ້າໃນອ່າງ (MCM) | BA2: % ນໍ້າໃນອ່າງ | BB2: ນໍ້າໃຊ້ໄດ້ (MCM) | BC2: % ນໍ້າໃຊ້ໄດ້ | BD2: ລະດັບນໍ້າ ສູງສຸດ MASL | BE2: ລະດັບນໍ້າ ຕໍ່າສຸດ MASL | BF2: ລະດັບນໍ້າຈີງ MASL | BG2: ແຜນພະລັງງານ (GWh) | BH2: ພະລັງງານຈີງ (GWh) | BI2: ປະລິມານ ນໍ້າຝົນ (mm) | BJ2: ແຜນນໍ້າເຂົ້າ (MCM) | BK2: ນໍ້າເຂົ້າ (MCM) | BL2: ນໍ້າອອກTB discharge (MCM) | BM2: ນໍ້າລົ້ນ Overflow (MCM) | BN2: ບໍລິມາດນໍ້າໃນອ່າງ (MCM) | BO2: % ນໍ້າໃນອ່າງ | BP2: ນໍ້າໃຊ້ໄດ້ (MCM) | BQ2: % ນໍ້າໃຊ້ໄດ້ | BR2: ລະດັບນໍ້າ ສູງສຸດ MASL | BS2: ລະດັບນໍ້າ ຕໍ່າສຸດ MASL | BT2: ລະດັບນໍ້າຈີງ MASL | BU2: ແຜນພະລັງງານ (GWh) | BV2: ພະລັງງານຈີງ (GWh) | BW2: ປະລິມານ ນໍ້າຝົນ (mm) | BX2: ແຜນນໍ້າເຂົ້າ (MCM) | BY2: ນໍ້າເຂົ້າ (MCM) | BZ2: ນໍ້າອອກTB discharge (MCM) | CA2: ນໍ້າລົ້ນ Overflow (MCM) | CB2: ບໍລິມາດນໍ້າໃນອ່າງ (MCM) | CC2: % ນໍ້າໃນອ່າງ | CD2: ນໍ້າໃຊ້ໄດ້ (MCM) | CE2: % ນໍ້າໃຊ້ໄດ້ | CF2: ລະດັບນໍ້າ ສູງສຸດ MASL | CG2: ລະດັບນໍ້າ ຕໍ່າສຸດ MASL | CH2: Plan WL masl | CI2: ລະດັບນໍ້າຈີງ (ນໍ້າປາ) MASL | CJ2: ແຜນພະລັງງານ (GWh) | CK2: ພະລັງງານຈີງ (GWh) | CL2: ປະລິມານ ນໍ້າຝົນ (mm) | CM2: ແຜນນໍ້າເຂົ້າ (MCM) | CN2: ນໍ້າເຂົ້າ (MCM) | CO2: ນໍ້າອອກTB discharge (MCM) | CP2: ນໍ້າລົ້ນ Overflow (MCM) | CQ2: ບໍລິມາດນໍ້າໃນອ່າງ (MCM) | CR2: % ນໍ້າໃນອ່າງ | CS2: ນໍ້າໃຊ້ໄດ້ (MCM) | CT2: % ນໍ້າໃຊ້ໄດ້ | CU2: ລະດັບນໍ້າ ສູງສຸດ MASL | CV2: ລະດັບນໍ້າ ຕໍ່າສຸດ MASL | CW2: Plan WL masl | CX2: ລະດັບນໍ້າຈີງ (ພູໂປ່ງ) MASL | CY2: ແຜນພະລັງງານ (GWh) | CZ2: ພະລັງງານຈີງ (GWh)
A3: 44562 | S3: 0.93586565 | T3: 0 | U3: 0.152064 | V3: =_xll.SRS1Splines.Functions25.Linear_Interp(V_NK3!$P$8:$P$32,V_NK3!$R$8:$R$32,AC3) -> 578.20201 | W3: =(V3/V_NK3!$R$28)*100 -> 106.65039 | X3: =V3-V_NK3!$R$8 -> 521.62336 | Y3: =IFERROR((V3 - V_NK3!$V$10) / (V_NK3!$V$9- V_NK3!$V$10) * 100, 0) -> 107.42529 | Z3: 541.8 | AA3: 521 | AB3: 541.8 | AC3: 541.92 | AD3: 0 | AE3: 0 | AH3: 0.30883567 | AI3: 2.2309236 | AJ3: 0 | AK3: =_xll.SRS1Splines.Functions25.Linear_Interp(V_NK2!$R$10:$R$21,V_NK2!$T$10:$T$21,AR3) -> 53.882029 | AL3: =(AK3/V_NK2!$T$18)*100 -> 75.465026 | AM3: =AK3-V_NK2!$T$11 -> 13.062029 | AN3: =IFERROR((AK3 - V_NK2!$X$12) / (V_NK2!$X$11- V_NK2!$X$12) * 100, 0) -> 42.714286 | AO3: 427 | AP3: 420 | AQ3: 425 | AR3: 422.99 | AS3: 0.78 | AT3: 0.54 | BN3: =_xll.SRS1Splines.Functions25.Linear_Interp(V_XNN1!$K$3:$K$8,V_XNN1!$L$3:$L$8,BT3) -> Error reading input X value(s): The value is not a number | BO3: =(BN3/V_XNN1!$L$7)*100 -> #VALUE! | BP3: =_xll.SRS1Splines.Functions25.Linear_Interp(V_XNN1!$K$3:$K$8,V_XNN1!$M$3:$M$8,BT3) -> Error reading input X value(s): The value is not a number | BQ3: =IFERROR((BN3 - V_XNN1!$M$16) / (V_XNN1!$M$15- V_XNN1!$M$16) * 100, 0) -> 0 | BR3: 252 | BS3: 249 | CO3: (MCM)
A4: 44563 | S4: 1.4869919 | T4: 0 | U4: 3.446496 | V4: =_xll.SRS1Splines.Functions25.Linear_Interp(V_NK3!$P$8:$P$32,V_NK3!$R$8:$R$32,AC4) -> 576.24251 | W4: =(V4/V_NK3!$R$28)*100 -> 106.28895 | X4: =V4-V_NK3!$R$8 -> 519.66386 | Y4: =IFERROR((V4 - V_NK3!$V$10) / (V_NK3!$V$9- V_NK3!$V$10) * 100, 0) -> 107.02174 | Z4: 541.8 | AA4: 521 | AB4: 541.8 | AC4: 541.87 | AD4: 0 | AE4: 0 | AH4: 0.228096 | AI4: 2.2213795 | AJ4: 0 | AK4: =_xll.SRS1Splines.Functions25.Linear_Interp(V_NK2!$R$10:$R$21,V_NK2!$T$10:$T$21,AR4) -> 54.231514 | AL4: =(AK4/V_NK2!$T$18)*100 -> 75.954502 | AM4: =AK4-V_NK2!$T$11 -> 13.411514 | AN4: =IFERROR((AK4 - V_NK2!$X$12) / (V_NK2!$X$11- V_NK2!$X$12) * 100, 0) -> 43.857143 | AO4: 427 | AP4: 420 | AQ4: 425 | AR4: 423.07 | AS4: 0.78 | AT4: 0.54 | BN4: =_xll.SRS1Splines.Functions25.Linear_Interp(V_XNN1!$K$3:$K$8,V_XNN1!$L$3:$L$8,BT4) -> Error reading input X value(s): The value is not a number | BO4: =(BN4/V_XNN1!$L$7)*100 -> #VALUE! | BP4: =_xll.SRS1Splines.Functions25.Linear_Interp(V_XNN1!$K$3:$K$8,V_XNN1!$M$3:$M$8,BT4) -> Error reading input X value(s): The value is not a number | BQ4: =IFERROR((BN4 - V_XNN1!$M$16) / (V_XNN1!$M$15- V_XNN1!$M$16) * 100, 0) -> 0 | BR4: 252 | BS4: 249
A5: 44564 | S5: 0.32775325 | T5: 0 | U5: 5.422464 | V5: =_xll.SRS1Splines.Functions25.Linear_Interp(V_NK3!$P$8:$P$32,V_NK3!$R$8:$R$32,AC5) -> 571.1478 | W5: =(V5/V_NK3!$R$28)*100 -> 105.34922 | X5: =V5-V_NK3!$R$8 -> 514.56915 | Y5: =IFERROR((V5 - V_NK3!$V$10) / (V_NK3!$V$9- V_NK3!$V$10) * 100, 0) -> 105.97252 | Z5: 541.8 | AA5: 521 | AB5: 541.8 | AC5: 541.74 | AD5: 0 | AE5: 0 | AH5: 0.2052864 | AI5: 2.2341735 | AJ5: 0 | AK5: =_xll.SRS1Splines.Functions25.Linear_Interp(V_NK2!$R$10:$R$21,V_NK2!$T$10:$T$21,AR5) -> 56.896343 | AL5: =(AK5/V_NK2!$T$18)*100 -> 79.686755 | AM5: =AK5-V_NK2!$T$11 -> 16.076343 | AN5: =IFERROR((AK5 - V_NK2!$X$12) / (V_NK2!$X$11- V_NK2!$X$12) * 100, 0) -> 52.571429 | AO5: 427 | AP5: 420 | AQ5: 425 | AR5: 423.68 | AS5: 0.78 | AT5: 0.54 | BN5: =_xll.SRS1Splines.Functions25.Linear_Interp(V_XNN1!$K$3:$K$8,V_XNN1!$L$3:$L$8,BT5) -> Error reading input X value(s): The value is not a number | BO5: =(BN5/V_XNN1!$L$7)*100 -> #VALUE! | BP5: =_xll.SRS1Splines.Functions25.Linear_Interp(V_XNN1!$K$3:$K$8,V_XNN1!$M$3:$M$8,BT5) -> Error reading input X value(s): The value is not a number | BQ5: =IFERROR((BN5 - V_XNN1!$M$16) / (V_XNN1!$M$15- V_XNN1!$M$16) * 100, 0) -> 0 | BR5: 252 | BS5: 249
A6: 44565 | S6: 0.95319352 | T6: 0 | U6: 2.128896 | V6: =_xll.SRS1Splines.Functions25.Linear_Interp(V_NK3!$P$8:$P$32,V_NK3!$R$8:$R$32,AC6) -> 569.9721 | W6: =(V6/V_NK3!$R$28)*100 -> 105.13236 | X6: =V6-V_NK3!$R$8 -> 513.39344 | Y6: =IFERROR((V6 - V_NK3!$V$10) / (V_NK3!$V$9- V_NK3!$V$10) * 100, 0) -> 105.73039 | Z6: 541.8 | AA6: 521 | AB6: 541.8 | AC6: 541.71 | AD6: 0 | AE6: 0 | AH6: 0.156816 | AI6: 2.2324457 | AJ6: 0 | AK6: =_xll.SRS1Splines.Functions25.Linear_Interp(V_NK2!$R$10:$R$21,V_NK2!$T$10:$T$21,AR6) -> 57.464257 | AL6: =(AK6/V_NK2!$T$18)*100 -> 80.482153 | AM6: =AK6-V_NK2!$T$11 -> 16.644257 | AN6: =IFERROR((AK6 - V_NK2!$X$12) / (V_NK2!$X$11- V_NK2!$X$12) * 100, 0) -> 54.428571 | AO6: 427 | AP6: 420 | AQ6: 425 | AR6: 423.81 | AS6: 0.78 | AT6: 0.54 | BN6: =_xll.SRS1Splines.Functions25.Linear_Interp(V_XNN1!$K$3:$K$8,V_XNN1!$L$3:$L$8,BT6) -> Error reading input X value(s): The value is not a number | BO6: =(BN6/V_XNN1!$L$7)*100 -> #VALUE! | BP6: =_xll.SRS1Splines.Functions25.Linear_Interp(V_XNN1!$K$3:$K$8,V_XNN1!$M$3:$M$8,BT6) -> Error reading input X value(s): The value is not a number | BQ6: =IFERROR((BN6 - V_XNN1!$M$16) / (V_XNN1!$M$15- V_XNN1!$M$16) * 100, 0) -> 0 | BR6: 252 | BS6: 249
A7: 44566 | S7: 0.44287683 | T7: 0 | U7: 0.050976 | V7: =_xll.SRS1Splines.Functions25.Linear_Interp(V_NK3!$P$8:$P$32,V_NK3!$R$8:$R$32,AC7) -> 570.364 | W7: =(V7/V_NK3!$R$28)*100 -> 105.20465 | X7: =V7-V_NK3!$R$8 -> 513.78535 | Y7: =IFERROR((V7 - V_NK3!$V$10) / (V_NK3!$V$9- V_NK3!$V$10) * 100, 0) -> 105.8111 | Z7: 541.8 | AA7: 521 | AB7: 541.8 | AC7: 541.72 | AD7: 0 | AE7: 0 | AH7: 0.14614935 | AI7: 0 | AJ7: 0 | AK7: =_xll.SRS1Splines.Functions25.Linear_Interp(V_NK2!$R$10:$R$21,V_NK2!$T$10:$T$21,AR7) -> 57.726371 | AL7: =(AK7/V_NK2!$T$18)*100 -> 80.84926 | AM7: =AK7-V_NK2!$T$11 -> 16.906371 | AN7: =IFERROR((AK7 - V_NK2!$X$12) / (V_NK2!$X$11- V_NK2!$X$12) * 100, 0) -> 55.285714 | AO7: 427 | AP7: 420 | AQ7: 425 | AR7: 423.87 | AS7: 0.78 | AT7: 0 | BN7: =_xll.SRS1Splines.Functions25.Linear_Interp(V_XNN1!$K$3:$K$8,V_XNN1!$L$3:$L$8,BT7) -> Error reading input X value(s): The value is not a number | BO7: =(BN7/V_XNN1!$L$7)*100 -> #VALUE! | BP7: =_xll.SRS1Splines.Functions25.Linear_Interp(V_XNN1!$K$3:$K$8,V_XNN1!$M$3:$M$8,BT7) -> Error reading input X value(s): The value is not a number | BQ7: =IFERROR((BN7 - V_XNN1!$M$16) / (V_XNN1!$M$15- V_XNN1!$M$16) * 100, 0) -> 0 | BR7: 252 | BS7: 249
A8: 44567 | S8: 0.78380165 | T8: 0 | U8: 0 | V8: =_xll.SRS1Splines.Functions25.Linear_Interp(V_NK3!$P$8:$P$32,V_NK3!$R$8:$R$32,AC8) -> 571.1478 | W8: =(V8/V_NK3!$R$28)*100 -> 105.34922 | X8: =V8-V_NK3!$R$8 -> 514.56915 | Y8: =IFERROR((V8 - V_NK3!$V$10) / (V_NK3!$V$9- V_NK3!$V$10) * 100, 0) -> 105.97252 | Z8: 541.8 | AA8: 521 | AB8: 541.8 | AC8: 541.74 | AD8: 0 | AE8: 0 | AH8: 0.25865455 | AI8: 0.61945874 | AJ8: 0 | AK8: =_xll.SRS1Splines.Functions25.Linear_Interp(V_NK2!$R$10:$R$21,V_NK2!$T$10:$T$21,AR8) -> 57.3332 | AL8: =(AK8/V_NK2!$T$18)*100 -> 80.298599 | AM8: =AK8-V_NK2!$T$11 -> 16.5132 | AN8: =IFERROR((AK8 - V_NK2!$X$12) / (V_NK2!$X$11- V_NK2!$X$12) * 100, 0) -> 54 | AO8: 427 | AP8: 420 | AQ8: 425 | AR8: 423.78 | AS8: 0.78 | AT8: 0.15 | BN8: =_xll.SRS1Splines.Functions25.Linear_Interp(V_XNN1!$K$3:$K$8,V_XNN1!$L$3:$L$8,BT8) -> Error reading input X value(s): The value is not a number | BO8: =(BN8/V_XNN1!$L$7)*100 -> #VALUE! | BP8: =_xll.SRS1Splines.Functions25.Linear_Interp(V_XNN1!$K$3:$K$8,V_XNN1!$M$3:$M$8,BT8) -> Error reading input X value(s): The value is not a number | BQ8: =IFERROR((BN8 - V_XNN1!$M$16) / (V_XNN1!$M$15- V_XNN1!$M$16) * 100, 0) -> 0 | BR8: 252 | BS8: 249
A9: 44568 | S9: 0.78380165 | T9: 0 | U9: 0 | V9: =_xll.SRS1Splines.Functions25.Linear_Interp(V_NK3!$P$8:$P$32,V_NK3!$R$8:$R$32,AC9) -> 571.9316 | W9: =(V9/V_NK3!$R$28)*100 -> 105.4938 | X9: =V9-V_NK3!$R$8 -> 515.35295 | Y9: =IFERROR((V9 - V_NK3!$V$10) / (V_NK3!$V$9- V_NK3!$V$10) * 100, 0) -> 106.13394 | Z9: 541.8 | AA9: 521 | AB9: 541.8 | AC9: 541.76 | AD9: 0 | AE9: 0 | AH9: 0.25865455 | AI9: 1.7548314 | AJ9: 0 | AK9: =_xll.SRS1Splines.Functions25.Linear_Interp(V_NK2!$R$10:$R$21,V_NK2!$T$10:$T$21,AR9) -> 55.935257 | AL9: =(AK9/V_NK2!$T$18)*100 -> 78.340696 | AM9: =AK9-V_NK2!$T$11 -> 15.115257 | AN9: =IFERROR((AK9 - V_NK2!$X$12) / (V_NK2!$X$11- V_NK2!$X$12) * 100, 0) -> 49.428571 | AO9: 427 | AP9: 420 | AQ9: 425 | AR9: 423.46 | AS9: 0.78 | AT9: 0.42 | BN9: =_xll.SRS1Splines.Functions25.Linear_Interp(V_XNN1!$K$3:$K$8,V_XNN1!$L$3:$L$8,BT9) -> Error reading input X value(s): The value is not a number | BO9: =(BN9/V_XNN1!$L$7)*100 -> #VALUE! | BP9: =_xll.SRS1Splines.Functions25.Linear_Interp(V_XNN1!$K$3:$K$8,V_XNN1!$M$3:$M$8,BT9) -> Error reading input X value(s): The value is not a number | BQ9: =IFERROR((BN9 - V_XNN1!$M$16) / (V_XNN1!$M$15- V_XNN1!$M$16) * 100, 0) -> 0 | BR9: 252 | BS9: 249
A10: 44569 | S10: 0.78380165 | T10: 0 | U10: 0 | V10: =_xll.SRS1Splines.Functions25.Linear_Interp(V_NK3!$P$8:$P$32,V_NK3!$R$8:$R$32,AC10) -> 572.7154 | W10: =(V10/V_NK3!$R$28)*100 -> 105.63837 | X10: =V10-V_NK3!$R$8 -> 516.13675 | Y10: =IFERROR((V10 - V_NK3!$V$10) / (V_NK3!$V$9- V_NK3!$V$10) * 100, 0) -> 106.29536 | Z10: 541.8 | AA10: 521 | AB10: 541.8 | AC10: 541.78 | AD10: 0 | AE10: 0 | AH10: 0.25865455 | AI10: 1.7008581 | AJ10: 0 | AK10: =_xll.SRS1Splines.Functions25.Linear_Interp(V_NK2!$R$10:$R$21,V_NK2!$T$10:$T$21,AR10) -> 54.537314 | AL10: =(AK10/V_NK2!$T$18)*100 -> 76.382793 | AM10: =AK10-V_NK2!$T$11 -> 13.717314 | AN10: =IFERROR((AK10 - V_NK2!$X$12) / (V_NK2!$X$11- V_NK2!$X$12) * 100, 0) -> 44.857143 | AO10: 427 | AP10: 420 | AQ10: 425 | AR10: 423.14 | AS10: 0.78 | AT10: 0.41 | BN10: =_xll.SRS1Splines.Functions25.Linear_Interp(V_XNN1!$K$3:$K$8,V_XNN1!$L$3:$L$8,BT10) -> Error reading input X value(s): The value is not a number | BO10: =(BN10/V_XNN1!$L$7)*100 -> #VALUE! | BP10: =_xll.SRS1Splines.Functions25.Linear_Interp(V_XNN1!$K$3:$K$8,V_XNN1!$M$3:$M$8,BT10) -> Error reading input X value(s): The value is not a number | BQ10: =IFERROR((BN10 - V_XNN1!$M$16) / (V_XNN1!$M$15- V_XNN1!$M$16) * 100, 0) -> 0 | BR10: 252 | BS10: 249
A11: 44570 | S11: 0.39190083 | T11: 0 | U11: 0 | V11: =_xll.SRS1Splines.Functions25.Linear_Interp(V_NK3!$P$8:$P$32,V_NK3!$R$8:$R$32,AC11) -> 573.1073 | W11: =(V11/V_NK3!$R$28)*100 -> 105.71066 | X11: =V11-V_NK3!$R$8 -> 516.52865 | Y11: =IFERROR((V11 - V_NK3!$V$10) / (V_NK3!$V$9- V_NK3!$V$10) * 100, 0) -> 106.37607 | Z11: 541.8 | AA11: 521 | AB11: 541.8 | AC11: 541.79 | AD11: 0 | AE11: 0 | AH11: 0.12932727 | AI11: 1.6599256 | AJ11: 0 | AK11: =_xll.SRS1Splines.Functions25.Linear_Interp(V_NK2!$R$10:$R$21,V_NK2!$T$10:$T$21,AR11) -> 53.183057 | AL11: =(AK11/V_NK2!$T$18)*100 -> 74.486074 | AM11: =AK11-V_NK2!$T$11 -> 12.363057 | AN11: =IFERROR((AK11 - V_NK2!$X$12) / (V_NK2!$X$11- V_NK2!$X$12) * 100, 0) -> 40.428571 | AO11: 427 | AP11: 420 | AQ11: 425 | AR11: 422.83 | AS11: 0.78 | AT11: 0.4 | BN11: =_xll.SRS1Splines.Functions25.Linear_Interp(V_XNN1!$K$3:$K$8,V_XNN1!$L$3:$L$8,BT11) -> Error reading input X value(s): The value is not a number | BO11: =(BN11/V_XNN1!$L$7)*100 -> #VALUE! | BP11: =_xll.SRS1Splines.Functions25.Linear_Interp(V_XNN1!$K$3:$K$8,V_XNN1!$M$3:$M$8,BT11) -> Error reading input X value(s): The value is not a number | BQ11: =IFERROR((BN11 - V_XNN1!$M$16) / (V_XNN1!$M$15- V_XNN1!$M$16) * 100, 0) -> 0 | BR11: 252 | BS11: 249
A12: 44571 | S12: 0.39190083 | T12: 0 | U12: 0 | V12: =_xll.SRS1Splines.Functions25.Linear_Interp(V_NK3!$P$8:$P$32,V_NK3!$R$8:$R$32,AC12) -> 573.4992 | W12: =(V12/V_NK3!$R$28)*100 -> 105.78294 | X12: =V12-V_NK3!$R$8 -> 516.92055 | Y12: =IFERROR((V12 - V_NK3!$V$10) / (V_NK3!$V$9- V_NK3!$V$10) * 100, 0) -> 106.45678 | Z12: 541.8 | AA12: 521 | AB12: 541.8 | AC12: 541.8 | AD12: 0 | AE12: 0 | AH12: 0.12932727 | AI12: 1.721962 | AJ12: 0 | AK12: =_xll.SRS1Splines.Functions25.Linear_Interp(V_NK2!$R$10:$R$21,V_NK2!$T$10:$T$21,AR12) -> 51.697743 | AL12: =(AK12/V_NK2!$T$18)*100 -> 72.405802 | AM12: =AK12-V_NK2!$T$11 -> 10.877743 | AN12: =IFERROR((AK12 - V_NK2!$X$12) / (V_NK2!$X$11- V_NK2!$X$12) * 100, 0) -> 35.571429 | AO12: 427 | AP12: 420 | AQ12: 425 | AR12: 422.49 | AS12: 0.78 | AT12: 0.41 | BN12: =_xll.SRS1Splines.Functions25.Linear_Interp(V_XNN1!$K$3:$K$8,V_XNN1!$L$3:$L$8,BT12) -> Error reading input X value(s): The value is not a number | BO12: =(BN12/V_XNN1!$L$7)*100 -> #VALUE! | BP12: =_xll.SRS1Splines.Functions25.Linear_Interp(V_XNN1!$K$3:$K$8,V_XNN1!$M$3:$M$8,BT12) -> Error reading input X value(s): The value is not a number | BQ12: =IFERROR((BN12 - V_XNN1!$M$16) / (V_XNN1!$M$15- V_XNN1!$M$16) * 100, 0) -> 0 | BR12: 252 | BS12: 249
A13: 44572 | S13: 0.39190083 | T13: 0 | U13: 0 | V13: =_xll.SRS1Splines.Functions25.Linear_Interp(V_NK3!$P$8:$P$32,V_NK3!$R$8:$R$32,AC13) -> 573.8911 | W13: =(V13/V_NK3!$R$28)*100 -> 105.85523 | X13: =V13-V_NK3!$R$8 -> 517.31245 | Y13: =IFERROR((V13 - V_NK3!$V$10) / (V_NK3!$V$9- V_NK3!$V$10) * 100, 0) -> 106.53748 | Z13: 541.8 | AA13: 521 | AB13: 541.8 | AC13: 541.81 | AD13: 0 | AE13: 0 | AH13: 0.12932727 | AI13: 1.8223392 | AJ13: 0 | AK13: =_xll.SRS1Splines.Functions25.Linear_Interp(V_NK2!$R$10:$R$21,V_NK2!$T$10:$T$21,AR13) -> 50.081371 | AL13: =(AK13/V_NK2!$T$18)*100 -> 70.141977 | AM13: =AK13-V_NK2!$T$11 -> 9.2613714 | AN13: =IFERROR((AK13 - V_NK2!$X$12) / (V_NK2!$X$11- V_NK2!$X$12) * 100, 0) -> 30.285714 | AO13: 427 | AP13: 420 | AQ13: 425 | AR13: 422.12 | AS13: 0.78 | AT13: 0.44 | BN13: =_xll.SRS1Splines.Functions25.Linear_Interp(V_XNN1!$K$3:$K$8,V_XNN1!$L$3:$L$8,BT13) -> Error reading input X value(s): The value is not a number | BO13: =(BN13/V_XNN1!$L$7)*100 -> #VALUE! | BP13: =_xll.SRS1Splines.Functions25.Linear_Interp(V_XNN1!$K$3:$K$8,V_XNN1!$M$3:$M$8,BT13) -> Error reading input X value(s): The value is not a number | BQ13: =IFERROR((BN13 - V_XNN1!$M$16) / (V_XNN1!$M$15- V_XNN1!$M$16) * 100, 0) -> 0 | BR13: 252 | BS13: 249
A14: 44573 | S14: 0.78380165 | T14: 0 | U14: 0 | V14: =_xll.SRS1Splines.Functions25.Linear_Interp(V_NK3!$P$8:$P$32,V_NK3!$R$8:$R$32,AC14) -> 574.67491 | W14: =(V14/V_NK3!$R$28)*100 -> 105.9998 | X14: =V14-V_NK3!$R$8 -> 518.09625 | Y14: =IFERROR((V14 - V_NK3!$V$10) / (V_NK3!$V$9- V_NK3!$V$10) * 100, 0) -> 106.6989 | Z14: 541.8 | AA14: 521 | AB14: 541.8 | AC14: 541.83 | AD14: 0 | AE14: 0 | AH14: 0.25865455 | AI14: 1.8093807 | AJ14: 0 | AK14: =_xll.SRS1Splines.Functions25.Linear_Interp(V_NK2!$R$10:$R$21,V_NK2!$T$10:$T$21,AR14) -> 48.421314 | AL14: =(AK14/V_NK2!$T$18)*100 -> 67.816967 | AM14: =AK14-V_NK2!$T$11 -> 7.6013143 | AN14: =IFERROR((AK14 - V_NK2!$X$12) / (V_NK2!$X$11- V_NK2!$X$12) * 100, 0) -> 24.857143 | AO14: 427 | AP14: 420 | AQ14: 425 | AR14: 421.74 | AS14: 0.78 | AT14: 0.44 | BN14: =_xll.SRS1Splines.Functions25.Linear_Interp(V_XNN1!$K$3:$K$8,V_XNN1!$L$3:$L$8,BT14) -> Error reading input X value(s): The value is not a number | BO14: =(BN14/V_XNN1!$L$7)*100 -> #VALUE! | BP14: =_xll.SRS1Splines.Functions25.Linear_Interp(V_XNN1!$K$3:$K$8,V_XNN1!$M$3:$M$8,BT14) -> Error reading input X value(s): The value is not a number | BQ14: =IFERROR((BN14 - V_XNN1!$M$16) / (V_XNN1!$M$15- V_XNN1!$M$16) * 100, 0) -> 0 | BR14: 252 | BS14: 249
A15: 44574 | S15: -4.4380708 | T15: 0 | U15: 0.65664 | V15: =_xll.SRS1Splines.Functions25.Linear_Interp(V_NK3!$P$8:$P$32,V_NK3!$R$8:$R$32,AC15) -> 569.5802 | W15: =(V15/V_NK3!$R$28)*100 -> 105.06008 | X15: =V15-V_NK3!$R$8 -> 513.00154 | Y15: =IFERROR((V15 - V_NK3!$V$10) / (V_NK3!$V$9- V_NK3!$V$10) * 100, 0) -> 105.64968 | Z15: 541.8 | AA15: 521 | AB15: 541.8 | AC15: 541.7 | AD15: 0 | AE15: 0 | AH15: 0.21384 | AI15: 3.7569033 | AJ15: 0 | AK15: =_xll.SRS1Splines.Functions25.Linear_Interp(V_NK2!$R$10:$R$21,V_NK2!$T$10:$T$21,AR15) -> 44.839086 | AL15: =(AK15/V_NK2!$T$18)*100 -> 62.79984 | AM15: =AK15-V_NK2!$T$11 -> 4.0190857 | AN15: =IFERROR((AK15 - V_NK2!$X$12) / (V_NK2!$X$11- V_NK2!$X$12) * 100, 0) -> 13.142857 | AO15: 427 | AP15: 420 | AQ15: 425 | AR15: 420.92 | AS15: 0.78 | AT15: 0.91 | BN15: =_xll.SRS1Splines.Functions25.Linear_Interp(V_XNN1!$K$3:$K$8,V_XNN1!$L$3:$L$8,BT15) -> Error reading input X value(s): The value is not a number | BO15: =(BN15/V_XNN1!$L$7)*100 -> #VALUE! | BP15: =_xll.SRS1Splines.Functions25.Linear_Interp(V_XNN1!$K$3:$K$8,V_XNN1!$M$3:$M$8,BT15) -> Error reading input X value(s): The value is not a number | BQ15: =IFERROR((BN15 - V_XNN1!$M$16) / (V_XNN1!$M$15- V_XNN1!$M$16) * 100, 0) -> 0 | BR15: 252 | BS15: 249
... A367: 44926 | S367: 1.0457699 | T367: 1.7415 | U367: 0 | V367: =_xll.SRS1Splines.Functions25.Linear_Interp(V_NK3!$P$8:$P$32,V_NK3!$R$8:$R$32,AC367) -> 463.533 | W367: =(V367/V_NK3!$R$28)*100 -> 85.499482 | X367: =V367-V_NK3!$R$8 -> 406.95435 | Y367: =IFERROR((V367 - V_NK3!$V$10) / (V_NK3!$V$9- V_NK3!$V$10) * 100, 0) -> 83.809876 | Z367: 541.8 | AA367: 521 | AB367: 540.84 | AC367: 538.87 | AD367: 0.62 | AE367: 0.43 | AH367: 1.9124541 | AI367: 2.71512 | AJ367: 0 | AK367: =_xll.SRS1Splines.Functions25.Linear_Interp(V_NK2!$R$10:$R$21,V_NK2!$T$10:$T$21,AR367) -> 71.356314 | AL367: =(AK367/V_NK2!$T$18)*100 -> 99.938816 | AM367: =AK367-V_NK2!$T$11 -> 30.536314 | AN367: =IFERROR((AK367 - V_NK2!$X$12) / (V_NK2!$X$11- V_NK2!$X$12) * 100, 0) -> 99.857143 | AO367: 427 | AP367: 420 | AQ367: 425 | AR367: 426.99 | AS367: 0.82 | AT367: 0.66 | BN367: =_xll.SRS1Splines.Functions25.Linear_Interp(V_XNN1!$K$3:$K$8,V_XNN1!$L$3:$L$8,BT367) -> Error reading input X value(s): The value is not a number | BO367: =(BN367/V_XNN1!$L$7)*100 -> #VALUE! | BP367: =_xll.SRS1Splines.Functions25.Linear_Interp(V_XNN1!$K$3:$K$8,V_XNN1!$M$3:$M$8,BT367) -> Error reading input X value(s): The value is not a number | BQ367: =IFERROR((BN367 - V_XNN1!$M$16) / (V_XNN1!$M$15- V_XNN1!$M$16) * 100, 0) -> 0 | BR367: 252 | BS367: 249
A368: 44927 | S368: 0.71504572 | T368: 0.71504572 | U368: 0 | V368: =_xll.SRS1Splines.Functions25.Linear_Interp(V_NK3!$P$8:$P$32,V_NK3!$R$8:$R$32,AC368) -> 463.533 | W368: =(V368/V_NK3!$R$28)*100 -> 85.499482 | X368: =V368-V_NK3!$R$8 -> 406.95435 | Y368: =IFERROR((V368 - V_NK3!$V$10) / (V_NK3!$V$9- V_NK3!$V$10) * 100, 0) -> 83.809876 | Z368: 541.8 | AA368: 521 | AB368: 537.86 | AC368: 538.87 | AD368: 0.43193548 | AE368: 0.1765545 | AH368: 0.87950624 | AI368: 2.0980473 | AJ368: 0 | AK368: =_xll.SRS1Splines.Functions25.Linear_Interp(V_NK2!$R$10:$R$21,V_NK2!$T$10:$T$21,AR368) -> 70.438914 | AL368: =(AK368/V_NK2!$T$18)*100 -> 98.653942 | AM368: =AK368-V_NK2!$T$11 -> 29.618914 | AN368: =IFERROR((AK368 - V_NK2!$X$12) / (V_NK2!$X$11- V_NK2!$X$12) * 100, 0) -> 96.857143 | AO368: 427 | AP368: 420 | AQ368: 427 | AR368: 426.78 | AS368: 0.52806452 | AT368: 0.511413 | BK368: 0.4550443 | BL368: 0.45487764 | BM368: =BK368-BL368 -> 0.00016666667 | BN368: =_xll.SRS1Splines.Functions25.Linear_Interp(V_XNN1!$K$3:$K$8,V_XNN1!$L$3:$L$8,BT368) -> 0.201 | BO368: =(BN368/V_XNN1!$L$7)*100 -> 95.714286 | BP368: =_xll.SRS1Splines.Functions25.Linear_Interp(V_XNN1!$K$3:$K$8,V_XNN1!$M$3:$M$8,BT368) -> 0.045 | BQ368: =IFERROR((BN368 - V_XNN1!$M$16) / (V_XNN1!$M$15- V_XNN1!$M$16) * 100, 0) -> 44.568245 | BR368: 252 | BS368: 249 | BT368: 251.5 | BU368: 0.096 | BV368: 0.065296
A369: 44928 | S369: 0.41103278 | T369: 1.802493 | U369: 0 | V369: =_xll.SRS1Splines.Functions25.Linear_Interp(V_NK3!$P$8:$P$32,V_NK3!$R$8:$R$32,AC369) -> 462.14154 | W369: =(V369/V_NK3!$R$28)*100 -> 85.242825 | X369: =V369-V_NK3!$R$8 -> 405.56289 | Y369: =IFERROR((V369 - V_NK3!$V$10) / (V_NK3!$V$9- V_NK3!$V$10) * 100, 0) -> 83.523313 | Z369: 541.8 | AA369: 521 | AB369: 537.86 | AC369: 538.83 | AD369: 0.43193548 | AE369: 0.44506 | AH369: 1.7578845 | AI369: 2.0980473 | AJ369: 0 | AK369: =_xll.SRS1Splines.Functions25.Linear_Interp(V_NK2!$R$10:$R$21,V_NK2!$T$10:$T$21,AR369) -> 70.220486 | AL369: =(AK369/V_NK2!$T$18)*100 -> 98.348019 | AM369: =AK369-V_NK2!$T$11 -> 29.400486 | AN369: =IFERROR((AK369 - V_NK2!$X$12) / (V_NK2!$X$11- V_NK2!$X$12) * 100, 0) -> 96.142857 | AO369: 427 | AP369: 420 | AQ369: 427 | AR369: 426.73 | AS369: 0.52806452 | AT369: 0.512804 | BK369: 0.42914417 | BL369: 0.42926917 | BM369: =BK369-BL369 -> -0.000125 | BN369: =_xll.SRS1Splines.Functions25.Linear_Interp(V_XNN1!$K$3:$K$8,V_XNN1!$L$3:$L$8,BT369) -> 0.1992 | BO369: =(BN369/V_XNN1!$L$7)*100 -> 94.857143 | BP369: =_xll.SRS1Splines.Functions25.Linear_Interp(V_XNN1!$K$3:$K$8,V_XNN1!$M$3:$M$8,BT369) -> 0.0432 | BQ369: =IFERROR((BN369 - V_XNN1!$M$16) / (V_XNN1!$M$15- V_XNN1!$M$16) * 100, 0) -> 38.997214 | BR369: 252 | BS369: 249 | BT369: 251.4 | BU369: 0.096 | BV369: 0.06162
A370: 44929 | S370: 0.75764234 | T370: 1.8012375 | U370: 0 | V370: =_xll.SRS1Splines.Functions25.Linear_Interp(V_NK3!$P$8:$P$32,V_NK3!$R$8:$R$32,AC370) -> 461.09794 | W370: =(V370/V_NK3!$R$28)*100 -> 85.050332 | X370: =V370-V_NK3!$R$8 -> 404.51929 | Y370: =IFERROR((V370 - V_NK3!$V$10) / (V_NK3!$V$9- V_NK3!$V$10) * 100, 0) -> 83.30839 | Z370: 541.8 | AA370: 521 | AB370: 537.86 | AC370: 538.8 | AD370: 0.43193548 | AE370: 0.44475 | AH370: 1.8711357 | AI370: 2.2214618 | AJ370: 0 | AK370: =_xll.SRS1Splines.Functions25.Linear_Interp(V_NK2!$R$10:$R$21,V_NK2!$T$10:$T$21,AR370) -> 69.914686 | AL370: =(AK370/V_NK2!$T$18)*100 -> 97.919728 | AM370: =AK370-V_NK2!$T$11 -> 29.094686 | AN370: =IFERROR((AK370 - V_NK2!$X$12) / (V_NK2!$X$11- V_NK2!$X$12) * 100, 0) -> 95.142857 | AO370: 427 | AP370: 420 | AQ370: 427 | AR370: 426.66 | AS370: 0.52806452 | AT370: 0.539201 | BK370: 0.48519644 | BL370: 0.48552977 | BM370: =BK370-BL370 -> -0.00033333333 | BN370: =_xll.SRS1Splines.Functions25.Linear_Interp(V_XNN1!$K$3:$K$8,V_XNN1!$L$3:$L$8,BT370) -> 0.183 | BO370: =(BN370/V_XNN1!$L$7)*100 -> 87.142857 | BP370: =_xll.SRS1Splines.Functions25.Linear_Interp(V_XNN1!$K$3:$K$8,V_XNN1!$M$3:$M$8,BT370) -> 0.027 | BQ370: =IFERROR((BN370 - V_XNN1!$M$16) / (V_XNN1!$M$15- V_XNN1!$M$16) * 100, 0) -> -11.142061 | BR370: 252 | BS370: 249 | BT370: 250.5 | BU370: 0.096 | BV370: 0.069696
A371: 44930 | S371: 0.40856228 | T371: 1.8000225 | U371: 0 | V371: =_xll.SRS1Splines.Functions25.Linear_Interp(V_NK3!$P$8:$P$32,V_NK3!$R$8:$R$32,AC371) -> 459.70648 | W371: =(V371/V_NK3!$R$28)*100 -> 84.793675 | X371: =V371-V_NK3!$R$8 -> 403.12783 | Y371: =IFERROR((V371 - V_NK3!$V$10) / (V_NK3!$V$9- V_NK3!$V$10) * 100, 0) -> 83.021827 | Z371: 541.8 | AA371: 521 | AB371: 537.86 | AC371: 538.76 | AD371: 0.43193548 | AE371: 0.44445 | AH371: 1.7548458 | AI371: 2.2214618 | AJ371: 0 | AK371: =_xll.SRS1Splines.Functions25.Linear_Interp(V_NK2!$R$10:$R$21,V_NK2!$T$10:$T$21,AR371) -> 69.608886 | AL371: =(AK371/V_NK2!$T$18)*100 -> 97.491437 | AM371: =AK371-V_NK2!$T$11 -> 28.788886 | AN371: =IFERROR((AK371 - V_NK2!$X$12) / (V_NK2!$X$11- V_NK2!$X$12) * 100, 0) -> 94.142857 | AO371: 427 | AP371: 420 | AQ371: 427 | AR371: 426.59 | AS371: 0.52806452 | AT371: 0.539517 | BK371: 0.43088538 | BL371: 0.43088538 | BM371: =BK371-BL371 -> 0 | BN371: =_xll.SRS1Splines.Functions25.Linear_Interp(V_XNN1!$K$3:$K$8,V_XNN1!$L$3:$L$8,BT371) -> 0.1884 | BO371: =(BN371/V_XNN1!$L$7)*100 -> 89.714286 | BP371: =_xll.SRS1Splines.Functions25.Linear_Interp(V_XNN1!$K$3:$K$8,V_XNN1!$M$3:$M$8,BT371) -> 0.0324 | BQ371: =IFERROR((BN371 - V_XNN1!$M$16) / (V_XNN1!$M$15- V_XNN1!$M$16) * 100, 0) -> 5.5710306 | BR371: 252 | BS371: 249 | BT371: 250.8 | BU371: 0.096 | BV371: 0.061852
A372: 44931 | S372: 0.75557684 | T372: 1.799172 | U372: 0 | V372: =_xll.SRS1Splines.Functions25.Linear_Interp(V_NK3!$P$8:$P$32,V_NK3!$R$8:$R$32,AC372) -> 458.66289 | W372: =(V372/V_NK3!$R$28)*100 -> 84.601182 | X372: =V372-V_NK3!$R$8 -> 402.08423 | Y372: =IFERROR((V372 - V_NK3!$V$10) / (V_NK3!$V$9- V_NK3!$V$10) * 100, 0) -> 82.806905 | Z372: 541.8 | AA372: 521 | AB372: 537.86 | AC372: 538.73 | AD372: 0.43193548 | AE372: 0.44424 | AH372: 1.8685952 | AI372: 2.1803236 | AJ372: 0 | AK372: =_xll.SRS1Splines.Functions25.Linear_Interp(V_NK2!$R$10:$R$21,V_NK2!$T$10:$T$21,AR372) -> 69.303086 | AL372: =(AK372/V_NK2!$T$18)*100 -> 97.063145 | AM372: =AK372-V_NK2!$T$11 -> 28.483086 | AN372: =IFERROR((AK372 - V_NK2!$X$12) / (V_NK2!$X$11- V_NK2!$X$12) * 100, 0) -> 93.142857 | AO372: 427 | AP372: 420 | AQ372: 427 | AR372: 426.52 | AS372: 0.52806452 | AT372: 0.529033 | BK372: 0.36123537 | BL372: 0.36123537 | BM372: =BK372-BL372 -> 0 | BN372: =_xll.SRS1Splines.Functions25.Linear_Interp(V_XNN1!$K$3:$K$8,V_XNN1!$L$3:$L$8,BT372) -> 0.19938 | BO372: =(BN372/V_XNN1!$L$7)*100 -> 94.942857 | BP372: =_xll.SRS1Splines.Functions25.Linear_Interp(V_XNN1!$K$3:$K$8,V_XNN1!$M$3:$M$8,BT372) -> 0.04338 | BQ372: =IFERROR((BN372 - V_XNN1!$M$16) / (V_XNN1!$M$15- V_XNN1!$M$16) * 100, 0) -> 39.554318 | BR372: 252 | BS372: 249 | BT372: 251.41 | BU372: 0.096 | BV372: 0.051854
A373: 44932 | S373: 0.76003184 | T373: 1.803627 | U373: 0 | V373: =_xll.SRS1Splines.Functions25.Linear_Interp(V_NK3!$P$8:$P$32,V_NK3!$R$8:$R$32,AC373) -> 457.61929 | W373: =(V373/V_NK3!$R$28)*100 -> 84.408689 | X373: =V373-V_NK3!$R$8 -> 401.04064 | Y373: =IFERROR((V373 - V_NK3!$V$10) / (V_NK3!$V$9- V_NK3!$V$10) * 100, 0) -> 82.591983 | Z373: 541.8 | AA373: 521 | AB373: 537.86 | AC373: 538.7 | AD373: 0.43193548 | AE373: 0.44534 | AH373: 1.8740748 | AI373: 2.1803236 | AJ373: 0 | AK373: =_xll.SRS1Splines.Functions25.Linear_Interp(V_NK2!$R$10:$R$21,V_NK2!$T$10:$T$21,AR373) -> 68.997286 | AL373: =(AK373/V_NK2!$T$18)*100 -> 96.634854 | AM373: =AK373-V_NK2!$T$11 -> 28.177286 | AN373: =IFERROR((AK373 - V_NK2!$X$12) / (V_NK2!$X$11- V_NK2!$X$12) * 100, 0) -> 92.142857 | AO373: 427 | AP373: 420 | AQ373: 427 | AR373: 426.45 | AS373: 0.52806452 | AT373: 0.53316 | BK373: 0.46574521 | BL373: 0.46574521 | BM373: =BK373-BL373 -> 0 | BN373: =_xll.SRS1Splines.Functions25.Linear_Interp(V_XNN1!$K$3:$K$8,V_XNN1!$L$3:$L$8,BT373) -> 0.1902 | BO373: =(BN373/V_XNN1!$L$7)*100 -> 90.571429 | BP373: =_xll.SRS1Splines.Functions25.Linear_Interp(V_XNN1!$K$3:$K$8,V_XNN1!$M$3:$M$8,BT373) -> 0.0342 | BQ373: =IFERROR((BN373 - V_XNN1!$M$16) / (V_XNN1!$M$15- V_XNN1!$M$16) * 100, 0) -> 11.142061 | BR373: 252 | BS373: 249 | BT373: 250.9 | BU373: 0.096 | BV373: 0.066856
A374: 44933 | S374: 0.41851718 | T374: 1.8099774 | U374: 0 | V374: =_xll.SRS1Splines.Functions25.Linear_Interp(V_NK3!$P$8:$P$32,V_NK3!$R$8:$R$32,AC374) -> 456.22783 | W374: =(V374/V_NK3!$R$28)*100 -> 84.152032 | X374: =V374-V_NK3!$R$8 -> 399.64918 | Y374: =IFERROR((V374 - V_NK3!$V$10) / (V_NK3!$V$9- V_NK3!$V$10) * 100, 0) -> 82.305419 | Z374: 541.8 | AA374: 521 | AB374: 537.86 | AC374: 538.66 | AD374: 0.43193548 | AE374: 0.446908 | AH374: 1.7670903 | AI374: 2.1803236 | AJ374: 0 | AK374: =_xll.SRS1Splines.Functions25.Linear_Interp(V_NK2!$R$10:$R$21,V_NK2!$T$10:$T$21,AR374) -> 68.691486 | AL374: =(AK374/V_NK2!$T$18)*100 -> 96.206563 | AM374: =AK374-V_NK2!$T$11 -> 27.871486 | AN374: =IFERROR((AK374 - V_NK2!$X$12) / (V_NK2!$X$11- V_NK2!$X$12) * 100, 0) -> 91.142857 | AO374: 427 | AP374: 420 | AQ374: 427 | AR374: 426.38 | AS374: 0.52806452 | AT374: 0.531413 | BK374: 0.37502883 | BL374: 0.37502883 | BM374: =BK374-BL374 -> 0 | BN374: =_xll.SRS1Splines.Functions25.Linear_Interp(V_XNN1!$K$3:$K$8,V_XNN1!$L$3:$L$8,BT374) -> 0.1902 | BO374: =(BN374/V_XNN1!$L$7)*100 -> 90.571429 | BP374: =_xll.SRS1Splines.Functions25.Linear_Interp(V_XNN1!$K$3:$K$8,V_XNN1!$M$3:$M$8,BT374) -> 0.0342 | BQ374: =IFERROR((BN374 - V_XNN1!$M$16) / (V_XNN1!$M$15- V_XNN1!$M$16) * 100, 0) -> 11.142061 | BR374: 252 | BS374: 249 | BT374: 250.9 | BU374: 0.096 | BV374: 0.053834
A375: 44934 | S375: 0.76250234 | T375: 1.8060975 | U375: 0 | V375: =_xll.SRS1Splines.Functions25.Linear_Interp(V_NK3!$P$8:$P$32,V_NK3!$R$8:$R$32,AC375) -> 455.18424 | W375: =(V375/V_NK3!$R$28)*100 -> 83.959539 | X375: =V375-V_NK3!$R$8 -> 398.60558 | Y375: =IFERROR((V375 - V_NK3!$V$10) / (V_NK3!$V$9- V_NK3!$V$10) * 100, 0) -> 82.090497 | Z375: 541.8 | AA375: 521 | AB375: 537.86 | AC375: 538.63 | AD375: 0.43193548 | AE375: 0.44595 | AH375: 1.8771135 | AI375: 2.1803236 | AJ375: 0 | AK375: =_xll.SRS1Splines.Functions25.Linear_Interp(V_NK2!$R$10:$R$21,V_NK2!$T$10:$T$21,AR375) -> 68.429371 | AL375: =(AK375/V_NK2!$T$18)*100 -> 95.839456 | AM375: =AK375-V_NK2!$T$11 -> 27.609371 | AN375: =IFERROR((AK375 - V_NK2!$X$12) / (V_NK2!$X$11- V_NK2!$X$12) * 100, 0) -> 90.285714 | AO375: 427 | AP375: 420 | AQ375: 427 | AR375: 426.32 | AS375: 0.52806452 | AT375: 0.528641 | BK375: 0.41787215 | BL375: 0.41787215 | BM375: =BK375-BL375 -> 0 | BN375: =_xll.SRS1Splines.Functions25.Linear_Interp(V_XNN1!$K$3:$K$8,V_XNN1!$L$3:$L$8,BT375) -> 0.1992 | BO375: =(BN375/V_XNN1!$L$7)*100 -> 94.857143 | BP375: =_xll.SRS1Splines.Functions25.Linear_Interp(V_XNN1!$K$3:$K$8,V_XNN1!$M$3:$M$8,BT375) -> 0.0432 | BQ375: =IFERROR((BN375 - V_XNN1!$M$16) / (V_XNN1!$M$15- V_XNN1!$M$16) * 100, 0) -> 38.997214 | BR375: 252 | BS375: 249 | BT375: 251.4 | BU375: 0.096 | BV375: 0.059984
A376: 44935 | S376: 0.39207878 | T376: 1.783539 | U376: 0 | V376: =_xll.SRS1Splines.Functions25.Linear_Interp(V_NK3!$P$8:$P$32,V_NK3!$R$8:$R$32,AC376) -> 453.79278 | W376: =(V376/V_NK3!$R$28)*100 -> 83.702881 | X376: =V376-V_NK3!$R$8 -> 397.21412 | Y376: =IFERROR((V376 - V_NK3!$V$10) / (V_NK3!$V$9- V_NK3!$V$10) * 100, 0) -> 81.803934 | Z376: 541.8 | AA376: 521 | AB376: 537.86 | AC376: 538.59 | AD376: 0.43193548 | AE376: 0.44038 | AH376: 1.7345711 | AI376: 2.1803236 | AJ376: 0 | AK376: =_xll.SRS1Splines.Functions25.Linear_Interp(V_NK2!$R$10:$R$21,V_NK2!$T$10:$T$21,AR376) -> 68.123571 | AL376: =(AK376/V_NK2!$T$18)*100 -> 95.411164 | AM376: =AK376-V_NK2!$T$11 -> 27.303571 | AN376: =IFERROR((AK376 - V_NK2!$X$12) / (V_NK2!$X$11- V_NK2!$X$12) * 100, 0) -> 89.285714 | AO376: 427 | AP376: 420 | AQ376: 427 | AR376: 426.25 | AS376: 0.52806452 | AT376: 0.532929 | BK376: 0.45365155 | BL376: 0.45365155 | BM376: =BK376-BL376 -> 0 | BN376: =_xll.SRS1Splines.Functions25.Linear_Interp(V_XNN1!$K$3:$K$8,V_XNN1!$L$3:$L$8,BT376) -> 0.19614 | BO376: =(BN376/V_XNN1!$L$7)*100 -> 93.4 | BP376: =_xll.SRS1Splines.Functions25.Linear_Interp(V_XNN1!$K$3:$K$8,V_XNN1!$M$3:$M$8,BT376) -> 0.04014 | BQ376: =IFERROR((BN376 - V_XNN1!$M$16) / (V_XNN1!$M$15- V_XNN1!$M$16) * 100, 0) -> 29.526462 | BR376: 252 | BS376: 249 | BT376: 251.23 | BU376: 0.06 | BV376: 0.06512
A377: 44936 | S377: 0.76622834 | T377: 1.8098235 | U377: 0 | V377: =_xll.SRS1Splines.Functions25.Linear_Interp(V_NK3!$P$8:$P$32,V_NK3!$R$8:$R$32,AC377) -> 452.74918 | W377: =(V377/V_NK3!$R$28)*100 -> 83.510388 | X377: =V377-V_NK3!$R$8 -> 396.17053 | Y377: =IFERROR((V377 - V_NK3!$V$10) / (V_NK3!$V$9- V_NK3!$V$10) * 100, 0) -> 81.589012 | Z377: 541.8 | AA377: 521 | AB377: 537.86 | AC377: 538.56 | AD377: 0.43193548 | AE377: 0.44687 | AH377: 1.8816965 | AI377: 2.1803236 | AJ377: 0 | AK377: =_xll.SRS1Splines.Functions25.Linear_Interp(V_NK2!$R$10:$R$21,V_NK2!$T$10:$T$21,AR377) -> 67.861457 | AL377: =(AK377/V_NK2!$T$18)*100 -> 95.044058 | AM377: =AK377-V_NK2!$T$11 -> 27.041457 | AN377: =IFERROR((AK377 - V_NK2!$X$12) / (V_NK2!$X$11- V_NK2!$X$12) * 100, 0) -> 88.428571 | AO377: 427 | AP377: 420 | AQ377: 427 | AR377: 426.19 | AS377: 0.52806452 | AT377: 0.534377 | BK377: 0.34848687 | BL377: 0.34848687 | BM377: =BK377-BL377 -> 0 | BN377: =_xll.SRS1Splines.Functions25.Linear_Interp(V_XNN1!$K$3:$K$8,V_XNN1!$L$3:$L$8,BT377) -> 0.19704 | BO377: =(BN377/V_XNN1!$L$7)*100 -> 93.828571 | BP377: =_xll.SRS1Splines.Functions25.Linear_Interp(V_XNN1!$K$3:$K$8,V_XNN1!$M$3:$M$8,BT377) -> 0.04104 | BQ377: =IFERROR((BN377 - V_XNN1!$M$16) / (V_XNN1!$M$15- V_XNN1!$M$16) * 100, 0) -> 32.311978 | BR377: 252 | BS377: 249 | BT377: 251.28 | BU377: 0.06 | BV377: 0.050024
A378: 44937 | S378: 0.41844428 | T378: 1.8099045 | U378: 0 | V378: =_xll.SRS1Splines.Functions25.Linear_Interp(V_NK3!$P$8:$P$32,V_NK3!$R$8:$R$32,AC378) -> 451.35772 | W378: =(V378/V_NK3!$R$28)*100 -> 83.253731 | X378: =V378-V_NK3!$R$8 -> 394.77907 | Y378: =IFERROR((V378 - V_NK3!$V$10) / (V_NK3!$V$9- V_NK3!$V$10) * 100, 0) -> 81.302449 | Z378: 541.8 | AA378: 521 | AB378: 537.86 | AC378: 538.52 | AD378: 0.43193548 | AE378: 0.44689 | AH378: 1.7670007 | AI378: 2.1803236 | AJ378: 0 | AK378: =_xll.SRS1Splines.Functions25.Linear_Interp(V_NK2!$R$10:$R$21,V_NK2!$T$10:$T$21,AR378) -> 67.555657 | AL378: =(AK378/V_NK2!$T$18)*100 -> 94.615766 | AM378: =AK378-V_NK2!$T$11 -> 26.735657 | AN378: =IFERROR((AK378 - V_NK2!$X$12) / (V_NK2!$X$11- V_NK2!$X$12) * 100, 0) -> 87.428571 | AO378: 427 | AP378: 420 | AQ378: 427 | AR378: 426.12 | AS378: 0.52806452 | AT378: 0.532172 | BK378: 0.38115926 | BL378: 0.38115926 | BM378: =BK378-BL378 -> 0 | BN378: =_xll.SRS1Splines.Functions25.Linear_Interp(V_XNN1!$K$3:$K$8,V_XNN1!$L$3:$L$8,BT378) -> 0.2064 | BO378: =(BN378/V_XNN1!$L$7)*100 -> 98.285714 | BP378: =_xll.SRS1Splines.Functions25.Linear_Interp(V_XNN1!$K$3:$K$8,V_XNN1!$M$3:$M$8,BT378) -> 0.0504 | BQ378: =IFERROR((BN378 - V_XNN1!$M$16) / (V_XNN1!$M$15- V_XNN1!$M$16) * 100, 0) -> 61.281337 | BR378: 252 | BS378: 249 | BT378: 251.8 | BU378: 0.06 | BV378: 0.054714
A379: 44938 | S379: 0.72126591 | T379: 1.7648611 | U379: 0 | V379: =_xll.SRS1Splines.Functions25.Linear_Interp(V_NK3!$P$8:$P$32,V_NK3!$R$8:$R$32,AC379) -> 450.31413 | W379: =(V379/V_NK3!$R$28)*100 -> 83.061238 | X379: =V379-V_NK3!$R$8 -> 393.73547 | Y379: =IFERROR((V379 - V_NK3!$V$10) / (V_NK3!$V$9- V_NK3!$V$10) * 100, 0) -> 81.087526 | Z379: 541.8 | AA379: 521 | AB379: 537.86 | AC379: 538.49 | AD379: 0.43193548 | AE379: 0.43576817 | AH379: 1.8263927 | AI379: 2.1803236 | AJ379: 0 | AK379: =_xll.SRS1Splines.Functions25.Linear_Interp(V_NK2!$R$10:$R$21,V_NK2!$T$10:$T$21,AR379) -> 67.249857 | AL379: =(AK379/V_NK2!$T$18)*100 -> 94.187475 | AM379: =AK379-V_NK2!$T$11 -> 26.429857 | AN379: =IFERROR((AK379 - V_NK2!$X$12) / (V_NK2!$X$11- V_NK2!$X$12) * 100, 0) -> 86.428571 | AO379: 427 | AP379: 420 | AQ379: 427 | AR379: 426.05 | AS379: 0.52806452 | AT379: 0.533118 | BK379: 0.44995011 | BL379: 0.44966677 | BM379: =BK379-BL379 -> 0.00028333333 | BN379: =_xll.SRS1Splines.Functions25.Linear_Interp(V_XNN1!$K$3:$K$8,V_XNN1!$L$3:$L$8,BT379) -> 0.20478 | BO379: =(BN379/V_XNN1!$L$7)*100 -> 97.514286 | BP379: =_xll.SRS1Splines.Functions25.Linear_Interp(V_XNN1!$K$3:$K$8,V_XNN1!$M$3:$M$8,BT379) -> 0.04878 | BQ379: =IFERROR((BN379 - V_XNN1!$M$16) / (V_XNN1!$M$15- V_XNN1!$M$16) * 100, 0) -> 56.267409 | BR379: 252 | BS379: 249 | BT379: 251.71 | BU379: 0.06 | BV379: 0.064548
... A398: 44957 | S398: 0.4137815 | T398: 1.4237538 | U398: 0 | V398: =_xll.SRS1Splines.Functions25.Linear_Interp(V_NK3!$P$8:$P$32,V_NK3!$R$8:$R$32,AC398) -> 424.51564 | W398: =(V398/V_NK3!$R$28)*100 -> 78.302663 | X398: =V398-V_NK3!$R$8 -> 367.93699 | Y398: =IFERROR((V398 - V_NK3!$V$10) / (V_NK3!$V$9- V_NK3!$V$10) * 100, 0) -> 75.774479 | Z398: 541.8 | AA398: 521 | AB398: 537.86 | AC398: 537.74 | AD398: 0.43193548 | AE398: 0.335791 | AH398: 1.4179264 | AI398: 2.4271527 | AJ398: 0 | AK398: =_xll.SRS1Splines.Functions25.Linear_Interp(V_NK2!$R$10:$R$21,V_NK2!$T$10:$T$21,AR398) -> 40.82 | AL398: =(AK398/V_NK2!$T$18)*100 -> 57.170868 | AM398: =AK398-V_NK2!$T$11 -> 0 | AN398: =IFERROR((AK398 - V_NK2!$X$12) / (V_NK2!$X$11- V_NK2!$X$12) * 100, 0) -> 0 | AO398: 427 | AP398: 420 | AQ398: 427 | AR398: 420 | AS398: 0.52806452 | AT398: 0.591798 | BK398: 0.35967777 | BL398: 0 | BM398: =BK398-BL398 -> 0.35967777 | BN398: =_xll.SRS1Splines.Functions25.Linear_Interp(V_XNN1!$K$3:$K$8,V_XNN1!$L$3:$L$8,BT398) -> 0.210891 | BO398: =(BN398/V_XNN1!$L$7)*100 -> 100.42429 | BP398: =_xll.SRS1Splines.Functions25.Linear_Interp(V_XNN1!$K$3:$K$8,V_XNN1!$M$3:$M$8,BT398) -> 0.054891 | BQ398: =IFERROR((BN398 - V_XNN1!$M$16) / (V_XNN1!$M$15- V_XNN1!$M$16) * 100, 0) -> 75.181058 | BR398: 252 | BS398: 249 | BT398: 252.05 | BU398: 0.06 | BV398: 0
A399: 44958 | S399: 0.67802129 | T399: 0.0047064 | U399: 0 | V399: =_xll.SRS1Splines.Functions25.Linear_Interp(V_NK3!$P$8:$P$32,V_NK3!$R$8:$R$32,AC399) -> 425.18896 | W399: =(V399/V_NK3!$R$28)*100 -> 78.426857 | X399: =V399-V_NK3!$R$8 -> 368.61031 | Y399: =IFERROR((V399 - V_NK3!$V$10) / (V_NK3!$V$9- V_NK3!$V$10) * 100, 0) -> 75.913145 | Z399: 541.8 | AA399: 521 | AB399: 538.09 | AC399: 537.76 | AD399: 0 | AE399: 0.00111 | AH399: 0.22798279 | AI399: 0 | AJ399: 0 | AK399: =_xll.SRS1Splines.Functions25.Linear_Interp(V_NK2!$R$10:$R$21,V_NK2!$T$10:$T$21,AR399) -> 40.863686 | AL399: =(AK399/V_NK2!$T$18)*100 -> 57.232053 | AM399: =AK399-V_NK2!$T$11 -> 0.043685714 | AN399: =IFERROR((AK399 - V_NK2!$X$12) / (V_NK2!$X$11- V_NK2!$X$12) * 100, 0) -> 0.14285714 | AO399: 427 | AP399: 420 | AQ399: 427 | AR399: 420.01 | AS399: 0 | AT399: 0 | BK399: 0.1728 | BM399: =BK399-BL399 -> 0.1728 | BN399: =_xll.SRS1Splines.Functions25.Linear_Interp(V_XNN1!$K$3:$K$8,V_XNN1!$L$3:$L$8,BT399) -> 0.210891 | BO399: =(BN399/V_XNN1!$L$7)*100 -> 100.42429 | BP399: =_xll.SRS1Splines.Functions25.Linear_Interp(V_XNN1!$K$3:$K$8,V_XNN1!$M$3:$M$8,BT399) -> 0.054891 | BQ399: =IFERROR((BN399 - V_XNN1!$M$16) / (V_XNN1!$M$15- V_XNN1!$M$16) * 100, 0) -> 75.181058 | BR399: 252 | BS399: 249 | BT399: 252.05
A400: 44959 | S400: 0.33665745 | T400: 0 | U400: 0 | V400: =_xll.SRS1Splines.Functions25.Linear_Interp(V_NK3!$P$8:$P$32,V_NK3!$R$8:$R$32,AC400) -> 425.52562 | W400: =(V400/V_NK3!$R$28)*100 -> 78.488954 | X400: =V400-V_NK3!$R$8 -> 368.94696 | Y400: =IFERROR((V400 - V_NK3!$V$10) / (V_NK3!$V$9- V_NK3!$V$10) * 100, 0) -> 75.982477 | Z400: 541.8 | AA400: 521 | AB400: 538.09 | AC400: 537.77 | AD400: 0 | AE400: 0 | AH400: 0.11109696 | AI400: 0 | AJ400: 0 | AK400: =_xll.SRS1Splines.Functions25.Linear_Interp(V_NK2!$R$10:$R$21,V_NK2!$T$10:$T$21,AR400) -> 40.951057 | AL400: =(AK400/V_NK2!$T$18)*100 -> 57.354422 | AM400: =AK400-V_NK2!$T$11 -> 0.13105714 | AN400: =IFERROR((AK400 - V_NK2!$X$12) / (V_NK2!$X$11- V_NK2!$X$12) * 100, 0) -> 0.42857143 | AO400: 427 | AP400: 420 | AQ400: 420.46 | AR400: 420.03 | AS400: 0 | AT400: 0 | BK400: 0.16416 | BM400: =BK400-BL400 -> 0.16416 | BN400: =_xll.SRS1Splines.Functions25.Linear_Interp(V_XNN1!$K$3:$K$8,V_XNN1!$L$3:$L$8,BT400) -> 0.210891 | BO400: =(BN400/V_XNN1!$L$7)*100 -> 100.42429 | BP400: =_xll.SRS1Splines.Functions25.Linear_Interp(V_XNN1!$K$3:$K$8,V_XNN1!$M$3:$M$8,BT400) -> 0.054891 | BQ400: =IFERROR((BN400 - V_XNN1!$M$16) / (V_XNN1!$M$15- V_XNN1!$M$16) * 100, 0) -> 75.181058 | BR400: 252 | BS400: 249 | BT400: 252.05
A401: 44960 | S401: 0.33665745 | T401: 0 | U401: 0 | V401: =_xll.SRS1Splines.Functions25.Linear_Interp(V_NK3!$P$8:$P$32,V_NK3!$R$8:$R$32,AC401) -> 425.86227 | W401: =(V401/V_NK3!$R$28)*100 -> 78.551051 | X401: =V401-V_NK3!$R$8 -> 369.28362 | Y401: =IFERROR((V401 - V_NK3!$V$10) / (V_NK3!$V$9- V_NK3!$V$10) * 100, 0) -> 76.05181 | Z401: 541.8 | AA401: 521 | AB401: 538.09 | AC401: 537.78 | AD401: 0 | AE401: 0 | AH401: 0.11109696 | AI401: 0 | AJ401: 0 | AK401: =_xll.SRS1Splines.Functions25.Linear_Interp(V_NK2!$R$10:$R$21,V_NK2!$T$10:$T$21,AR401) -> 41.082114 | AL401: =(AK401/V_NK2!$T$18)*100 -> 57.537975 | AM401: =AK401-V_NK2!$T$11 -> 0.26211429 | AN401: =IFERROR((AK401 - V_NK2!$X$12) / (V_NK2!$X$11- V_NK2!$X$12) * 100, 0) -> 0.85714286 | AO401: 427 | AP401: 420 | AQ401: 420.46 | AR401: 420.06 | AS401: 0 | AT401: 0 | BK401: 0.15552 | BM401: =BK401-BL401 -> 0.15552 | BN401: =_xll.SRS1Splines.Functions25.Linear_Interp(V_XNN1!$K$3:$K$8,V_XNN1!$L$3:$L$8,BT401) -> 0.210891 | BO401: =(BN401/V_XNN1!$L$7)*100 -> 100.42429 | BP401: =_xll.SRS1Splines.Functions25.Linear_Interp(V_XNN1!$K$3:$K$8,V_XNN1!$M$3:$M$8,BT401) -> 0.054891 | BQ401: =IFERROR((BN401 - V_XNN1!$M$16) / (V_XNN1!$M$15- V_XNN1!$M$16) * 100, 0) -> 75.181058 | BR401: 252 | BS401: 249 | BT401: 252.05
A402: 44961 | S402: 0.33665745 | T402: 0 | U402: 0 | V402: =_xll.SRS1Splines.Functions25.Linear_Interp(V_NK3!$P$8:$P$32,V_NK3!$R$8:$R$32,AC402) -> 426.19893 | W402: =(V402/V_NK3!$R$28)*100 -> 78.613148 | X402: =V402-V_NK3!$R$8 -> 369.62028 | Y402: =IFERROR((V402 - V_NK3!$V$10) / (V_NK3!$V$9- V_NK3!$V$10) * 100, 0) -> 76.121143 | Z402: 541.8 | AA402: 521 | AB402: 538.09 | AC402: 537.79 | AD402: 0 | AE402: 0 | AH402: 0.11109696 | AI402: 0 | AJ402: 0 | AK402: =_xll.SRS1Splines.Functions25.Linear_Interp(V_NK2!$R$10:$R$21,V_NK2!$T$10:$T$21,AR402) -> 41.169486 | AL402: =(AK402/V_NK2!$T$18)*100 -> 57.660344 | AM402: =AK402-V_NK2!$T$11 -> 0.34948571 | AN402: =IFERROR((AK402 - V_NK2!$X$12) / (V_NK2!$X$11- V_NK2!$X$12) * 100, 0) -> 1.1428571 | AO402: 427 | AP402: 420 | AQ402: 420.46 | AR402: 420.08 | AS402: 0 | AT402: 0 | BK402: 0.144288 | BM402: =BK402-BL402 -> 0.144288 | BN402: =_xll.SRS1Splines.Functions25.Linear_Interp(V_XNN1!$K$3:$K$8,V_XNN1!$L$3:$L$8,BT402) -> 0.210891 | BO402: =(BN402/V_XNN1!$L$7)*100 -> 100.42429 | BP402: =_xll.SRS1Splines.Functions25.Linear_Interp(V_XNN1!$K$3:$K$8,V_XNN1!$M$3:$M$8,BT402) -> 0.054891 | BQ402: =IFERROR((BN402 - V_XNN1!$M$16) / (V_XNN1!$M$15- V_XNN1!$M$16) * 100, 0) -> 75.181058 | BR402: 252 | BS402: 249 | BT402: 252.05
A403: 44962 | S403: 0.33665745 | T403: 0 | U403: 0 | V403: =_xll.SRS1Splines.Functions25.Linear_Interp(V_NK3!$P$8:$P$32,V_NK3!$R$8:$R$32,AC403) -> 426.53559 | W403: =(V403/V_NK3!$R$28)*100 -> 78.675245 | X403: =V403-V_NK3!$R$8 -> 369.95694 | Y403: =IFERROR((V403 - V_NK3!$V$10) / (V_NK3!$V$9- V_NK3!$V$10) * 100, 0) -> 76.190475 | Z403: 541.8 | AA403: 521 | AB403: 538.09 | AC403: 537.8 | AD403: 0 | AE403: 0 | AH403: 0.11109696 | AI403: 0 | AJ403: 0 | AK403: =_xll.SRS1Splines.Functions25.Linear_Interp(V_NK2!$R$10:$R$21,V_NK2!$T$10:$T$21,AR403) -> 41.256857 | AL403: =(AK403/V_NK2!$T$18)*100 -> 57.782713 | AM403: =AK403-V_NK2!$T$11 -> 0.43685714 | AN403: =IFERROR((AK403 - V_NK2!$X$12) / (V_NK2!$X$11- V_NK2!$X$12) * 100, 0) -> 1.4285714 | AO403: 427 | AP403: 420 | AQ403: 420.46 | AR403: 420.1 | AS403: 0 | AT403: 0 | BK403: 0.119232 | BM403: =BK403-BL403 -> 0.119232 | BN403: =_xll.SRS1Splines.Functions25.Linear_Interp(V_XNN1!$K$3:$K$8,V_XNN1!$L$3:$L$8,BT403) -> 0.210891 | BO403: =(BN403/V_XNN1!$L$7)*100 -> 100.42429 | BP403: =_xll.SRS1Splines.Functions25.Linear_Interp(V_XNN1!$K$3:$K$8,V_XNN1!$M$3:$M$8,BT403) -> 0.054891 | BQ403: =IFERROR((BN403 - V_XNN1!$M$16) / (V_XNN1!$M$15- V_XNN1!$M$16) * 100, 0) -> 75.181058 | BR403: 252 | BS403: 249 | BT403: 252.05
A404: 44963 | S404: 0.33665745 | T404: 0 | U404: 0 | V404: =_xll.SRS1Splines.Functions25.Linear_Interp(V_NK3!$P$8:$P$32,V_NK3!$R$8:$R$32,AC404) -> 426.87225 | W404: =(V404/V_NK3!$R$28)*100 -> 78.737342 | X404: =V404-V_NK3!$R$8 -> 370.29359 | Y404: =IFERROR((V404 - V_NK3!$V$10) / (V_NK3!$V$9- V_NK3!$V$10) * 100, 0) -> 76.259808 | Z404: 541.8 | AA404: 521 | AB404: 538.09 | AC404: 537.81 | AD404: 0 | AE404: 0 | AH404: 0.11109696 | AI404: 0 | AJ404: 0 | AK404: =_xll.SRS1Splines.Functions25.Linear_Interp(V_NK2!$R$10:$R$21,V_NK2!$T$10:$T$21,AR404) -> 41.344229 | AL404: =(AK404/V_NK2!$T$18)*100 -> 57.905082 | AM404: =AK404-V_NK2!$T$11 -> 0.52422857 | AN404: =IFERROR((AK404 - V_NK2!$X$12) / (V_NK2!$X$11- V_NK2!$X$12) * 100, 0) -> 1.7142857 | AO404: 427 | AP404: 420 | AQ404: 420.46 | AR404: 420.12 | AS404: 0 | AT404: 0 | BK404: 0.1728 | BM404: =BK404-BL404 -> 0.1728 | BN404: =_xll.SRS1Splines.Functions25.Linear_Interp(V_XNN1!$K$3:$K$8,V_XNN1!$L$3:$L$8,BT404) -> 0.210891 | BO404: =(BN404/V_XNN1!$L$7)*100 -> 100.42429 | BP404: =_xll.SRS1Splines.Functions25.Linear_Interp(V_XNN1!$K$3:$K$8,V_XNN1!$M$3:$M$8,BT404) -> 0.054891 | BQ404: =IFERROR((BN404 - V_XNN1!$M$16) / (V_XNN1!$M$15- V_XNN1!$M$16) * 100, 0) -> 75.181058 | BR404: 252 | BS404: 249 | BT404: 252.05
A405: 44964 | S405: 0.33665745 | T405: 0 | U405: 0 | V405: =_xll.SRS1Splines.Functions25.Linear_Interp(V_NK3!$P$8:$P$32,V_NK3!$R$8:$R$32,AC405) -> 427.2089 | W405: =(V405/V_NK3!$R$28)*100 -> 78.799439 | X405: =V405-V_NK3!$R$8 -> 370.63025 | Y405: =IFERROR((V405 - V_NK3!$V$10) / (V_NK3!$V$9- V_NK3!$V$10) * 100, 0) -> 76.32914 | Z405: 541.8 | AA405: 521 | AB405: 538.09 | AC405: 537.82 | AD405: 0 | AE405: 0 | AH405: 0.11109696 | AI405: 0 | AJ405: 0 | AK405: =_xll.SRS1Splines.Functions25.Linear_Interp(V_NK2!$R$10:$R$21,V_NK2!$T$10:$T$21,AR405) -> 41.475286 | AL405: =(AK405/V_NK2!$T$18)*100 -> 58.088635 | AM405: =AK405-V_NK2!$T$11 -> 0.65528571 | AN405: =IFERROR((AK405 - V_NK2!$X$12) / (V_NK2!$X$11- V_NK2!$X$12) * 100, 0) -> 2.1428571 | AO405: 427 | AP405: 420 | AQ405: 420.46 | AR405: 420.15 | AS405: 0 | AT405: 0 | BK405: 0.16416 | BM405: =BK405-BL405 -> 0.16416 | BN405: =_xll.SRS1Splines.Functions25.Linear_Interp(V_XNN1!$K$3:$K$8,V_XNN1!$L$3:$L$8,BT405) -> 0.210891 | BO405: =(BN405/V_XNN1!$L$7)*100 -> 100.42429 | BP405: =_xll.SRS1Splines.Functions25.Linear_Interp(V_XNN1!$K$3:$K$8,V_XNN1!$M$3:$M$8,BT405) -> 0.054891 | BQ405: =IFERROR((BN405 - V_XNN1!$M$16) / (V_XNN1!$M$15- V_XNN1!$M$16) * 100, 0) -> 75.181058 | BR405: 252 | BS405: 249 | BT405: 252.05
A406: 44965 | S406: 0.33665745 | T406: 0 | U406: 0 | V406: =_xll.SRS1Splines.Functions25.Linear_Interp(V_NK3!$P$8:$P$32,V_NK3!$R$8:$R$32,AC406) -> 427.54556 | W406: =(V406/V_NK3!$R$28)*100 -> 78.861536 | X406: =V406-V_NK3!$R$8 -> 370.96691 | Y406: =IFERROR((V406 - V_NK3!$V$10) / (V_NK3!$V$9- V_NK3!$V$10) * 100, 0) -> 76.398473 | Z406: 541.8 | AA406: 521 | AB406: 538.09 | AC406: 537.83 | AD406: 0 | AE406: 0 | AH406: 0.11109696 | AI406: 0 | AJ406: 0 | AK406: =_xll.SRS1Splines.Functions25.Linear_Interp(V_NK2!$R$10:$R$21,V_NK2!$T$10:$T$21,AR406) -> 41.562657 | AL406: =(AK406/V_NK2!$T$18)*100 -> 58.211004 | AM406: =AK406-V_NK2!$T$11 -> 0.74265714 | AN406: =IFERROR((AK406 - V_NK2!$X$12) / (V_NK2!$X$11- V_NK2!$X$12) * 100, 0) -> 2.4285714 | AO406: 427 | AP406: 420 | AQ406: 420.46 | AR406: 420.17 | AS406: 0 | AT406: 0 | BK406: 0.119232 | BM406: =BK406-BL406 -> 0.119232 | BN406: =_xll.SRS1Splines.Functions25.Linear_Interp(V_XNN1!$K$3:$K$8,V_XNN1!$L$3:$L$8,BT406) -> 0.210891 | BO406: =(BN406/V_XNN1!$L$7)*100 -> 100.42429 | BP406: =_xll.SRS1Splines.Functions25.Linear_Interp(V_XNN1!$K$3:$K$8,V_XNN1!$M$3:$M$8,BT406) -> 0.054891 | BQ406: =IFERROR((BN406 - V_XNN1!$M$16) / (V_XNN1!$M$15- V_XNN1!$M$16) * 100, 0) -> 75.181058 | BR406: 252 | BS406: 249 | BT406: 252.05
A407: 44966 | S407: 0.67331489 | T407: 0 | U407: 0 | V407: =_xll.SRS1Splines.Functions25.Linear_Interp(V_NK3!$P$8:$P$32,V_NK3!$R$8:$R$32,AC407) -> 428.21888 | W407: =(V407/V_NK3!$R$28)*100 -> 78.98573 | X407: =V407-V_NK3!$R$8 -> 371.64022 | Y407: =IFERROR((V407 - V_NK3!$V$10) / (V_NK3!$V$9- V_NK3!$V$10) * 100, 0) -> 76.537138 | Z407: 541.8 | AA407: 521 | AB407: 538.09 | AC407: 537.85 | AD407: 0 | AE407: 0 | AH407: 0.22219391 | AI407: 0 | AJ407: 0 | AK407: =_xll.SRS1Splines.Functions25.Linear_Interp(V_NK2!$R$10:$R$21,V_NK2!$T$10:$T$21,AR407) -> 41.606343 | AL407: =(AK407/V_NK2!$T$18)*100 -> 58.272189 | AM407: =AK407-V_NK2!$T$11 -> 0.78634286 | AN407: =IFERROR((AK407 - V_NK2!$X$12) / (V_NK2!$X$11- V_NK2!$X$12) * 100, 0) -> 2.5714286 | AO407: 427 | AP407: 420 | AQ407: 420.46 | AR407: 420.18 | AS407: 0 | AT407: 0 | BK407: 0.1728 | BM407: =BK407-BL407 -> 0.1728 | BN407: =_xll.SRS1Splines.Functions25.Linear_Interp(V_XNN1!$K$3:$K$8,V_XNN1!$L$3:$L$8,BT407) -> 0.210891 | BO407: =(BN407/V_XNN1!$L$7)*100 -> 100.42429 | BP407: =_xll.SRS1Splines.Functions25.Linear_Interp(V_XNN1!$K$3:$K$8,V_XNN1!$M$3:$M$8,BT407) -> 0.054891 | BQ407: =IFERROR((BN407 - V_XNN1!$M$16) / (V_XNN1!$M$15- V_XNN1!$M$16) * 100, 0) -> 75.181058 | BR407: 252 | BS407: 249 | BT407: 252.05
A408: 44967 | S408: 0.33665745 | T408: 0 | U408: 0 | V408: =_xll.SRS1Splines.Functions25.Linear_Interp(V_NK3!$P$8:$P$32,V_NK3!$R$8:$R$32,AC408) -> 428.55553 | W408: =(V408/V_NK3!$R$28)*100 -> 79.047827 | X408: =V408-V_NK3!$R$8 -> 371.97688 | Y408: =IFERROR((V408 - V_NK3!$V$10) / (V_NK3!$V$9- V_NK3!$V$10) * 100, 0) -> 76.606471 | Z408: 541.8 | AA408: 521 | AB408: 538.09 | AC408: 537.86 | AD408: 0 | AE408: 0 | AH408: 0.11109696 | AI408: 0 | AJ408: 0 | AK408: =_xll.SRS1Splines.Functions25.Linear_Interp(V_NK2!$R$10:$R$21,V_NK2!$T$10:$T$21,AR408) -> 41.693714 | AL408: =(AK408/V_NK2!$T$18)*100 -> 58.394558 | AM408: =AK408-V_NK2!$T$11 -> 0.87371429 | AN408: =IFERROR((AK408 - V_NK2!$X$12) / (V_NK2!$X$11- V_NK2!$X$12) * 100, 0) -> 2.8571429 | AO408: 427 | AP408: 420 | AQ408: 420.46 | AR408: 420.2 | AS408: 0 | AT408: 0 | BK408: 0.16416 | BM408: =BK408-BL408 -> 0.16416 | BN408: =_xll.SRS1Splines.Functions25.Linear_Interp(V_XNN1!$K$3:$K$8,V_XNN1!$L$3:$L$8,BT408) -> 0.210891 | BO408: =(BN408/V_XNN1!$L$7)*100 -> 100.42429 | BP408: =_xll.SRS1Splines.Functions25.Linear_Interp(V_XNN1!$K$3:$K$8,V_XNN1!$M$3:$M$8,BT408) -> 0.054891 | BQ408: =IFERROR((BN408 - V_XNN1!$M$16) / (V_XNN1!$M$15- V_XNN1!$M$16) * 100, 0) -> 75.181058 | BR408: 252 | BS408: 249 | BT408: 252.05
A409: 44968 | S409: 0.33665745 | T409: 0 | U409: 0 | V409: =_xll.SRS1Splines.Functions25.Linear_Interp(V_NK3!$P$8:$P$32,V_NK3!$R$8:$R$32,AC409) -> 428.89219 | W409: =(V409/V_NK3!$R$28)*100 -> 79.109924 | X409: =V409-V_NK3!$R$8 -> 372.31354 | Y409: =IFERROR((V409 - V_NK3!$V$10) / (V_NK3!$V$9- V_NK3!$V$10) * 100, 0) -> 76.675804 | Z409: 541.8 | AA409: 521 | AB409: 538.09 | AC409: 537.87 | AD409: 0 | AE409: 0 | AH409: 0.11109696 | AI409: 0 | AJ409: 0 | AK409: =_xll.SRS1Splines.Functions25.Linear_Interp(V_NK2!$R$10:$R$21,V_NK2!$T$10:$T$21,AR409) -> 41.781086 | AL409: =(AK409/V_NK2!$T$18)*100 -> 58.516927 | AM409: =AK409-V_NK2!$T$11 -> 0.96108571 | AN409: =IFERROR((AK409 - V_NK2!$X$12) / (V_NK2!$X$11- V_NK2!$X$12) * 100, 0) -> 3.1428571 | AO409: 427 | AP409: 420 | AQ409: 420.46 | AR409: 420.22 | AS409: 0 | AT409: 0 | BK409: 0.1728 | BM409: =BK409-BL409 -> 0.1728 | BN409: =_xll.SRS1Splines.Functions25.Linear_Interp(V_XNN1!$K$3:$K$8,V_XNN1!$L$3:$L$8,BT409) -> 0.210891 | BO409: =(BN409/V_XNN1!$L$7)*100 -> 100.42429 | BP409: =_xll.SRS1Splines.Functions25.Linear_Interp(V_XNN1!$K$3:$K$8,V_XNN1!$M$3:$M$8,BT409) -> 0.054891 | BQ409: =IFERROR((BN409 - V_XNN1!$M$16) / (V_XNN1!$M$15- V_XNN1!$M$16) * 100, 0) -> 75.181058 | BR409: 252 | BS409: 249 | BT409: 252.05
A410: 44969 | S410: 0.33665745 | T410: 0 | U410: 0 | V410: =_xll.SRS1Splines.Functions25.Linear_Interp(V_NK3!$P$8:$P$32,V_NK3!$R$8:$R$32,AC410) -> 429.22885 | W410: =(V410/V_NK3!$R$28)*100 -> 79.172021 | X410: =V410-V_NK3!$R$8 -> 372.6502 | Y410: =IFERROR((V410 - V_NK3!$V$10) / (V_NK3!$V$9- V_NK3!$V$10) * 100, 0) -> 76.745136 | Z410: 541.8 | AA410: 521 | AB410: 538.09 | AC410: 537.88 | AD410: 0 | AE410: 0 | AH410: 0.11109696 | AI410: 0 | AJ410: 0 | AK410: =_xll.SRS1Splines.Functions25.Linear_Interp(V_NK2!$R$10:$R$21,V_NK2!$T$10:$T$21,AR410) -> 41.824771 | AL410: =(AK410/V_NK2!$T$18)*100 -> 58.578111 | AM410: =AK410-V_NK2!$T$11 -> 1.0047714 | AN410: =IFERROR((AK410 - V_NK2!$X$12) / (V_NK2!$X$11- V_NK2!$X$12) * 100, 0) -> 3.2857143 | AO410: 427 | AP410: 420 | AQ410: 420.46 | AR410: 420.23 | AS410: 0 | AT410: 0 | BK410: 0.16416 | BM410: =BK410-BL410 -> 0.16416 | BN410: =_xll.SRS1Splines.Functions25.Linear_Interp(V_XNN1!$K$3:$K$8,V_XNN1!$L$3:$L$8,BT410) -> 0.210891 | BO410: =(BN410/V_XNN1!$L$7)*100 -> 100.42429 | BP410: =_xll.SRS1Splines.Functions25.Linear_Interp(V_XNN1!$K$3:$K$8,V_XNN1!$M$3:$M$8,BT410) -> 0.054891 | BQ410: =IFERROR((BN410 - V_XNN1!$M$16) / (V_XNN1!$M$15- V_XNN1!$M$16) * 100, 0) -> 75.181058 | BR410: 252 | BS410: 249 | BT410: 252.05
... A457: 45016 | S457: 0 | T457: 0 | U457: 0 | V457: =_xll.SRS1Splines.Functions25.Linear_Interp(V_NK3!$P$8:$P$32,V_NK3!$R$8:$R$32,AC457) -> 435.70379 | W457: =(V457/V_NK3!$R$28)*100 -> 80.366337 | X457: =V457-V_NK3!$R$8 -> 379.12514 | Y457: =IFERROR((V457 - V_NK3!$V$10) / (V_NK3!$V$9- V_NK3!$V$10) * 100, 0) -> 78.078613 | Z457: 541.8 | AA457: 521 | AB457: 538.27 | AC457: 538.07 | AD457: 0 | AE457: 0 | AH457: 0.11479547 | AI457: 0 | AJ457: 0 | AK457: =_xll.SRS1Splines.Functions25.Linear_Interp(V_NK2!$R$10:$R$21,V_NK2!$T$10:$T$21,AR457) -> 43.2664 | AL457: =(AK457/V_NK2!$T$18)*100 -> 60.597199 | AM457: =AK457-V_NK2!$T$11 -> 2.4464 | AN457: =IFERROR((AK457 - V_NK2!$X$12) / (V_NK2!$X$11- V_NK2!$X$12) * 100, 0) -> 8 | AO457: 427 | AP457: 420 | AQ457: 420.46 | AR457: 420.56 | AS457: 0 | AT457: 0 | BK457: 0.006835 | BM457: =BK457-BL457 -> 0.006835 | BN457: =_xll.SRS1Splines.Functions25.Linear_Interp(V_XNN1!$K$3:$K$8,V_XNN1!$L$3:$L$8,BT457) -> 0.156 | BO457: =(BN457/V_XNN1!$L$7)*100 -> 74.285714 | BP457: =_xll.SRS1Splines.Functions25.Linear_Interp(V_XNN1!$K$3:$K$8,V_XNN1!$M$3:$M$8,BT457) -> 0 | BQ457: =IFERROR((BN457 - V_XNN1!$M$16) / (V_XNN1!$M$15- V_XNN1!$M$16) * 100, 0) -> -94.707521 | BR457: 252 | BS457: 249 | BT457: 249
A458: 45017 | S458: 0 | T458: 0 | U458: 0 | V458: =_xll.SRS1Splines.Functions25.Linear_Interp(V_NK3!$P$8:$P$32,V_NK3!$R$8:$R$32,AC458) -> 435.70379 | W458: =(V458/V_NK3!$R$28)*100 -> 80.366337 | X458: =V458-V_NK3!$R$8 -> 379.12514 | Y458: =IFERROR((V458 - V_NK3!$V$10) / (V_NK3!$V$9- V_NK3!$V$10) * 100, 0) -> 78.078613 | Z458: 541.8 | AA458: 521 | AB458: 538.02 | AC458: 538.07 | AD458: 0 | AE458: 0 | AH458: 0.11479547 | AI458: 0 | AJ458: 0 | AK458: =_xll.SRS1Splines.Functions25.Linear_Interp(V_NK2!$R$10:$R$21,V_NK2!$T$10:$T$21,AR458) -> 43.353771 | AL458: =(AK458/V_NK2!$T$18)*100 -> 60.719568 | AM458: =AK458-V_NK2!$T$11 -> 2.5337714 | AN458: =IFERROR((AK458 - V_NK2!$X$12) / (V_NK2!$X$11- V_NK2!$X$12) * 100, 0) -> 8.2857143 | AO458: 427 | AP458: 420 | AQ458: 420.46 | AR458: 420.58 | AS458: 0 | AT458: 0 | BK458: 0.13406938 | BL458: 0.13486938 | BM458: =BK458-BL458 -> -0.0008 | BN458: =_xll.SRS1Splines.Functions25.Linear_Interp(V_XNN1!$K$3:$K$8,V_XNN1!$L$3:$L$8,BT458) -> 0.21 | BO458: =(BN458/V_XNN1!$L$7)*100 -> 100 | BP458: =_xll.SRS1Splines.Functions25.Linear_Interp(V_XNN1!$K$3:$K$8,V_XNN1!$M$3:$M$8,BT458) -> 0.054 | BQ458: =IFERROR((BN458 - V_XNN1!$M$16) / (V_XNN1!$M$15- V_XNN1!$M$16) * 100, 0) -> 72.423398 | BR458: 252 | BS458: 249 | BT458: 252 | BU458: 0.04 | BV458: 0.01936
A459: 45018 | S459: 0 | T459: 0 | U459: 0 | V459: =_xll.SRS1Splines.Functions25.Linear_Interp(V_NK3!$P$8:$P$32,V_NK3!$R$8:$R$32,AC459) -> 435.70379 | W459: =(V459/V_NK3!$R$28)*100 -> 80.366337 | X459: =V459-V_NK3!$R$8 -> 379.12514 | Y459: =IFERROR((V459 - V_NK3!$V$10) / (V_NK3!$V$9- V_NK3!$V$10) * 100, 0) -> 78.078613 | Z459: 541.8 | AA459: 521 | AB459: 538.02 | AC459: 538.07 | AD459: 0 | AE459: 0 | AH459: 0.11479547 | AI459: 0 | AJ459: 0 | AK459: =_xll.SRS1Splines.Functions25.Linear_Interp(V_NK2!$R$10:$R$21,V_NK2!$T$10:$T$21,AR459) -> 43.397457 | AL459: =(AK459/V_NK2!$T$18)*100 -> 60.780752 | AM459: =AK459-V_NK2!$T$11 -> 2.5774571 | AN459: =IFERROR((AK459 - V_NK2!$X$12) / (V_NK2!$X$11- V_NK2!$X$12) * 100, 0) -> 8.4285714 | AO459: 427 | AP459: 420 | AQ459: 420.46 | AR459: 420.59 | AS459: 0 | AT459: 0 | BK459: 0.24407021 | BL459: 0.25327021 | BM459: =BK459-BL459 -> -0.0092 | BN459: =_xll.SRS1Splines.Functions25.Linear_Interp(V_XNN1!$K$3:$K$8,V_XNN1!$L$3:$L$8,BT459) -> 0.1938 | BO459: =(BN459/V_XNN1!$L$7)*100 -> 92.285714 | BP459: =_xll.SRS1Splines.Functions25.Linear_Interp(V_XNN1!$K$3:$K$8,V_XNN1!$M$3:$M$8,BT459) -> 0.0378 | BQ459: =IFERROR((BN459 - V_XNN1!$M$16) / (V_XNN1!$M$15- V_XNN1!$M$16) * 100, 0) -> 22.284123 | BR459: 252 | BS459: 249 | BT459: 251.1 | BU459: 0.04 | BV459: 0.036356
A460: 45019 | S460: 0 | T460: 0 | U460: 0 | V460: =_xll.SRS1Splines.Functions25.Linear_Interp(V_NK3!$P$8:$P$32,V_NK3!$R$8:$R$32,AC460) -> 435.70379 | W460: =(V460/V_NK3!$R$28)*100 -> 80.366337 | X460: =V460-V_NK3!$R$8 -> 379.12514 | Y460: =IFERROR((V460 - V_NK3!$V$10) / (V_NK3!$V$9- V_NK3!$V$10) * 100, 0) -> 78.078613 | Z460: 541.8 | AA460: 521 | AB460: 538.02 | AC460: 538.07 | AD460: 0 | AE460: 0 | AH460: 0.11479547 | AI460: 0 | AJ460: 0 | AK460: =_xll.SRS1Splines.Functions25.Linear_Interp(V_NK2!$R$10:$R$21,V_NK2!$T$10:$T$21,AR460) -> 43.397457 | AL460: =(AK460/V_NK2!$T$18)*100 -> 60.780752 | AM460: =AK460-V_NK2!$T$11 -> 2.5774571 | AN460: =IFERROR((AK460 - V_NK2!$X$12) / (V_NK2!$X$11- V_NK2!$X$12) * 100, 0) -> 8.4285714 | AO460: 427 | AP460: 420 | AQ460: 420.46 | AR460: 420.59 | AS460: 0 | AT460: 0 | BK460: 0.19740153 | BL460: 0.19739973 | BM460: =BK460-BL460 -> 1.8e-06 | BN460: =_xll.SRS1Splines.Functions25.Linear_Interp(V_XNN1!$K$3:$K$8,V_XNN1!$L$3:$L$8,BT460) -> 0.1956 | BO460: =(BN460/V_XNN1!$L$7)*100 -> 93.142857 | BP460: =_xll.SRS1Splines.Functions25.Linear_Interp(V_XNN1!$K$3:$K$8,V_XNN1!$M$3:$M$8,BT460) -> 0.0396 | BQ460: =IFERROR((BN460 - V_XNN1!$M$16) / (V_XNN1!$M$15- V_XNN1!$M$16) * 100, 0) -> 27.855153 | BR460: 252 | BS460: 249 | BT460: 251.2 | BU460: 0.04 | BV460: 0.028336
A461: 45020 | S461: 0 | T461: 0 | U461: 0 | V461: =_xll.SRS1Splines.Functions25.Linear_Interp(V_NK3!$P$8:$P$32,V_NK3!$R$8:$R$32,AC461) -> 435.70379 | W461: =(V461/V_NK3!$R$28)*100 -> 80.366337 | X461: =V461-V_NK3!$R$8 -> 379.12514 | Y461: =IFERROR((V461 - V_NK3!$V$10) / (V_NK3!$V$9- V_NK3!$V$10) * 100, 0) -> 78.078613 | Z461: 541.8 | AA461: 521 | AB461: 538.02 | AC461: 538.07 | AD461: 0 | AE461: 0 | AH461: 0.11479547 | AI461: 0 | AJ461: 0 | AK461: =_xll.SRS1Splines.Functions25.Linear_Interp(V_NK2!$R$10:$R$21,V_NK2!$T$10:$T$21,AR461) -> 43.397457 | AL461: =(AK461/V_NK2!$T$18)*100 -> 60.780752 | AM461: =AK461-V_NK2!$T$11 -> 2.5774571 | AN461: =IFERROR((AK461 - V_NK2!$X$12) / (V_NK2!$X$11- V_NK2!$X$12) * 100, 0) -> 8.4285714 | AO461: 427 | AP461: 420 | AQ461: 420.46 | AR461: 420.59 | AS461: 0 | AT461: 0 | BK461: 0.3104899 | BL461: 0.3105061 | BM461: =BK461-BL461 -> -1.62e-05 | BN461: =_xll.SRS1Splines.Functions25.Linear_Interp(V_XNN1!$K$3:$K$8,V_XNN1!$L$3:$L$8,BT461) -> 0.1866 | BO461: =(BN461/V_XNN1!$L$7)*100 -> 88.857143 | BP461: =_xll.SRS1Splines.Functions25.Linear_Interp(V_XNN1!$K$3:$K$8,V_XNN1!$M$3:$M$8,BT461) -> 0.0306 | BQ461: =IFERROR((BN461 - V_XNN1!$M$16) / (V_XNN1!$M$15- V_XNN1!$M$16) * 100, 0) -> 0 | BR461: 252 | BS461: 249 | BT461: 250.7 | BU461: 0.04 | BV461: 0.044572
A462: 45021 | S462: 0 | T462: 0 | U462: 0 | V462: =_xll.SRS1Splines.Functions25.Linear_Interp(V_NK3!$P$8:$P$32,V_NK3!$R$8:$R$32,AC462) -> 435.70379 | W462: =(V462/V_NK3!$R$28)*100 -> 80.366337 | X462: =V462-V_NK3!$R$8 -> 379.12514 | Y462: =IFERROR((V462 - V_NK3!$V$10) / (V_NK3!$V$9- V_NK3!$V$10) * 100, 0) -> 78.078613 | Z462: 541.8 | AA462: 521 | AB462: 538.02 | AC462: 538.07 | AD462: 0 | AE462: 0 | AH462: 0.11479547 | AI462: 0 | AJ462: 0 | AK462: =_xll.SRS1Splines.Functions25.Linear_Interp(V_NK2!$R$10:$R$21,V_NK2!$T$10:$T$21,AR462) -> 43.397457 | AL462: =(AK462/V_NK2!$T$18)*100 -> 60.780752 | AM462: =AK462-V_NK2!$T$11 -> 2.5774571 | AN462: =IFERROR((AK462 - V_NK2!$X$12) / (V_NK2!$X$11- V_NK2!$X$12) * 100, 0) -> 8.4285714 | AO462: 427 | AP462: 420 | AQ462: 420.46 | AR462: 420.59 | AS462: 0 | AT462: 0 | BK462: 0.26377544 | BL462: 0.26377553 | BM462: =BK462-BL462 -> -8.3e-08 | BN462: =_xll.SRS1Splines.Functions25.Linear_Interp(V_XNN1!$K$3:$K$8,V_XNN1!$L$3:$L$8,BT462) -> 0.1866 | BO462: =(BN462/V_XNN1!$L$7)*100 -> 88.857143 | BP462: =_xll.SRS1Splines.Functions25.Linear_Interp(V_XNN1!$K$3:$K$8,V_XNN1!$M$3:$M$8,BT462) -> 0.0306 | BQ462: =IFERROR((BN462 - V_XNN1!$M$16) / (V_XNN1!$M$15- V_XNN1!$M$16) * 100, 0) -> 0 | BR462: 252 | BS462: 249 | BT462: 250.7 | BU462: 0.04 | BV462: 0.037864
A463: 45022 | S463: 0 | T463: 0 | U463: 0 | V463: =_xll.SRS1Splines.Functions25.Linear_Interp(V_NK3!$P$8:$P$32,V_NK3!$R$8:$R$32,AC463) -> 435.70379 | W463: =(V463/V_NK3!$R$28)*100 -> 80.366337 | X463: =V463-V_NK3!$R$8 -> 379.12514 | Y463: =IFERROR((V463 - V_NK3!$V$10) / (V_NK3!$V$9- V_NK3!$V$10) * 100, 0) -> 78.078613 | Z463: 541.8 | AA463: 521 | AB463: 538.02 | AC463: 538.07 | AD463: 0 | AE463: 0 | AH463: 0.11479547 | AI463: 0 | AJ463: 0 | AK463: =_xll.SRS1Splines.Functions25.Linear_Interp(V_NK2!$R$10:$R$21,V_NK2!$T$10:$T$21,AR463) -> 43.441143 | AL463: =(AK463/V_NK2!$T$18)*100 -> 60.841937 | AM463: =AK463-V_NK2!$T$11 -> 2.6211429 | AN463: =IFERROR((AK463 - V_NK2!$X$12) / (V_NK2!$X$11- V_NK2!$X$12) * 100, 0) -> 8.5714286 | AO463: 427 | AP463: 420 | AQ463: 420.46 | AR463: 420.6 | AS463: 0 | AT463: 0 | BK463: 0.18054097 | BL463: 0.18054106 | BM463: =BK463-BL463 -> -8.3e-08 | BN463: =_xll.SRS1Splines.Functions25.Linear_Interp(V_XNN1!$K$3:$K$8,V_XNN1!$L$3:$L$8,BT463) -> 0.1866 | BO463: =(BN463/V_XNN1!$L$7)*100 -> 88.857143 | BP463: =_xll.SRS1Splines.Functions25.Linear_Interp(V_XNN1!$K$3:$K$8,V_XNN1!$M$3:$M$8,BT463) -> 0.0306 | BQ463: =IFERROR((BN463 - V_XNN1!$M$16) / (V_XNN1!$M$15- V_XNN1!$M$16) * 100, 0) -> 0 | BR463: 252 | BS463: 249 | BT463: 250.7 | BU463: 0.04 | BV463: 0.025916
A464: 45023 | S464: 0 | T464: 0 | U464: 0 | V464: =_xll.SRS1Splines.Functions25.Linear_Interp(V_NK3!$P$8:$P$32,V_NK3!$R$8:$R$32,AC464) -> 435.70379 | W464: =(V464/V_NK3!$R$28)*100 -> 80.366337 | X464: =V464-V_NK3!$R$8 -> 379.12514 | Y464: =IFERROR((V464 - V_NK3!$V$10) / (V_NK3!$V$9- V_NK3!$V$10) * 100, 0) -> 78.078613 | Z464: 541.8 | AA464: 521 | AB464: 538.02 | AC464: 538.07 | AD464: 0 | AE464: 0 | AH464: 0.11479547 | AI464: 0 | AJ464: 0 | AK464: =_xll.SRS1Splines.Functions25.Linear_Interp(V_NK2!$R$10:$R$21,V_NK2!$T$10:$T$21,AR464) -> 43.441143 | AL464: =(AK464/V_NK2!$T$18)*100 -> 60.841937 | AM464: =AK464-V_NK2!$T$11 -> 2.6211429 | AN464: =IFERROR((AK464 - V_NK2!$X$12) / (V_NK2!$X$11- V_NK2!$X$12) * 100, 0) -> 8.5714286 | AO464: 427 | AP464: 420 | AQ464: 420.46 | AR464: 420.6 | AS464: 0 | AT464: 0 | BK464: 0.2836227 | BL464: 0.28362278 | BM464: =BK464-BL464 -> -8.3e-08 | BN464: =_xll.SRS1Splines.Functions25.Linear_Interp(V_XNN1!$K$3:$K$8,V_XNN1!$L$3:$L$8,BT464) -> 0.1866 | BO464: =(BN464/V_XNN1!$L$7)*100 -> 88.857143 | BP464: =_xll.SRS1Splines.Functions25.Linear_Interp(V_XNN1!$K$3:$K$8,V_XNN1!$M$3:$M$8,BT464) -> 0.0306 | BQ464: =IFERROR((BN464 - V_XNN1!$M$16) / (V_XNN1!$M$15- V_XNN1!$M$16) * 100, 0) -> 0 | BR464: 252 | BS464: 249 | BT464: 250.7 | BU464: 0.04 | BV464: 0.040713
A465: 45024 | S465: 0 | T465: 0 | U465: 0 | V465: =_xll.SRS1Splines.Functions25.Linear_Interp(V_NK3!$P$8:$P$32,V_NK3!$R$8:$R$32,AC465) -> 435.70379 | W465: =(V465/V_NK3!$R$28)*100 -> 80.366337 | X465: =V465-V_NK3!$R$8 -> 379.12514 | Y465: =IFERROR((V465 - V_NK3!$V$10) / (V_NK3!$V$9- V_NK3!$V$10) * 100, 0) -> 78.078613 | Z465: 541.8 | AA465: 521 | AB465: 538.02 | AC465: 538.07 | AD465: 0 | AE465: 0 | AH465: 0.11479547 | AI465: 0 | AJ465: 0 | AK465: =_xll.SRS1Splines.Functions25.Linear_Interp(V_NK2!$R$10:$R$21,V_NK2!$T$10:$T$21,AR465) -> 43.790629 | AL465: =(AK465/V_NK2!$T$18)*100 -> 61.331413 | AM465: =AK465-V_NK2!$T$11 -> 2.9706286 | AN465: =IFERROR((AK465 - V_NK2!$X$12) / (V_NK2!$X$11- V_NK2!$X$12) * 100, 0) -> 9.7142857 | AO465: 427 | AP465: 420 | AQ465: 420.46 | AR465: 420.68 | AS465: 0 | AT465: 0 | BK465: 0.22561362 | BL465: 0.22561362 | BM465: =BK465-BL465 -> 0 | BN465: =_xll.SRS1Splines.Functions25.Linear_Interp(V_XNN1!$K$3:$K$8,V_XNN1!$L$3:$L$8,BT465) -> 0.1866 | BO465: =(BN465/V_XNN1!$L$7)*100 -> 88.857143 | BP465: =_xll.SRS1Splines.Functions25.Linear_Interp(V_XNN1!$K$3:$K$8,V_XNN1!$M$3:$M$8,BT465) -> 0.0306 | BQ465: =IFERROR((BN465 - V_XNN1!$M$16) / (V_XNN1!$M$15- V_XNN1!$M$16) * 100, 0) -> 0 | BR465: 252 | BS465: 249 | BT465: 250.7 | BU465: 0.04 | BV465: 0.032386
A466: 45025 | S466: 0 | T466: 0 | U466: 0 | V466: =_xll.SRS1Splines.Functions25.Linear_Interp(V_NK3!$P$8:$P$32,V_NK3!$R$8:$R$32,AC466) -> 435.70379 | W466: =(V466/V_NK3!$R$28)*100 -> 80.366337 | X466: =V466-V_NK3!$R$8 -> 379.12514 | Y466: =IFERROR((V466 - V_NK3!$V$10) / (V_NK3!$V$9- V_NK3!$V$10) * 100, 0) -> 78.078613 | Z466: 541.8 | AA466: 521 | AB466: 538.02 | AC466: 538.07 | AD466: 0 | AE466: 0 | AH466: 0.11479547 | AI466: 0 | AJ466: 0 | AK466: =_xll.SRS1Splines.Functions25.Linear_Interp(V_NK2!$R$10:$R$21,V_NK2!$T$10:$T$21,AR466) -> 43.790629 | AL466: =(AK466/V_NK2!$T$18)*100 -> 61.331413 | AM466: =AK466-V_NK2!$T$11 -> 2.9706286 | AN466: =IFERROR((AK466 - V_NK2!$X$12) / (V_NK2!$X$11- V_NK2!$X$12) * 100, 0) -> 9.7142857 | AO466: 427 | AP466: 420 | AQ466: 420.46 | AR466: 420.68 | AS466: 0 | AT466: 0 | BK466: 0.19448869 | BL466: 0.19448778 | BM466: =BK466-BL466 -> 9.17e-07 | BN466: =_xll.SRS1Splines.Functions25.Linear_Interp(V_XNN1!$K$3:$K$8,V_XNN1!$L$3:$L$8,BT466) -> 0.2064 | BO466: =(BN466/V_XNN1!$L$7)*100 -> 98.285714 | BP466: =_xll.SRS1Splines.Functions25.Linear_Interp(V_XNN1!$K$3:$K$8,V_XNN1!$M$3:$M$8,BT466) -> 0.0504 | BQ466: =IFERROR((BN466 - V_XNN1!$M$16) / (V_XNN1!$M$15- V_XNN1!$M$16) * 100, 0) -> 61.281337 | BR466: 252 | BS466: 249 | BT466: 251.8 | BU466: 0.04 | BV466: 0.027918
A467: 45026 | S467: 0 | T467: 0 | U467: 0 | V467: =_xll.SRS1Splines.Functions25.Linear_Interp(V_NK3!$P$8:$P$32,V_NK3!$R$8:$R$32,AC467) -> 435.70379 | W467: =(V467/V_NK3!$R$28)*100 -> 80.366337 | X467: =V467-V_NK3!$R$8 -> 379.12514 | Y467: =IFERROR((V467 - V_NK3!$V$10) / (V_NK3!$V$9- V_NK3!$V$10) * 100, 0) -> 78.078613 | Z467: 541.8 | AA467: 521 | AB467: 538.02 | AC467: 538.07 | AD467: 0 | AE467: 0 | AH467: 0.11479547 | AI467: 0 | AJ467: 0 | AK467: =_xll.SRS1Splines.Functions25.Linear_Interp(V_NK2!$R$10:$R$21,V_NK2!$T$10:$T$21,AR467) -> 43.790629 | AL467: =(AK467/V_NK2!$T$18)*100 -> 61.331413 | AM467: =AK467-V_NK2!$T$11 -> 2.9706286 | AN467: =IFERROR((AK467 - V_NK2!$X$12) / (V_NK2!$X$11- V_NK2!$X$12) * 100, 0) -> 9.7142857 | AO467: 427 | AP467: 420 | AQ467: 420.46 | AR467: 420.68 | AS467: 0 | AT467: 0 | BK467: 0.31066027 | BL467: 0.31065936 | BM467: =BK467-BL467 -> 9.17e-07 | BN467: =_xll.SRS1Splines.Functions25.Linear_Interp(V_XNN1!$K$3:$K$8,V_XNN1!$L$3:$L$8,BT467) -> 0.2064 | BO467: =(BN467/V_XNN1!$L$7)*100 -> 98.285714 | BP467: =_xll.SRS1Splines.Functions25.Linear_Interp(V_XNN1!$K$3:$K$8,V_XNN1!$M$3:$M$8,BT467) -> 0.0504 | BQ467: =IFERROR((BN467 - V_XNN1!$M$16) / (V_XNN1!$M$15- V_XNN1!$M$16) * 100, 0) -> 61.281337 | BR467: 252 | BS467: 249 | BT467: 251.8 | BU467: 0.04 | BV467: 0.044594
A468: 45027 | S468: 0 | T468: 0 | U468: 0 | V468: =_xll.SRS1Splines.Functions25.Linear_Interp(V_NK3!$P$8:$P$32,V_NK3!$R$8:$R$32,AC468) -> 435.70379 | W468: =(V468/V_NK3!$R$28)*100 -> 80.366337 | X468: =V468-V_NK3!$R$8 -> 379.12514 | Y468: =IFERROR((V468 - V_NK3!$V$10) / (V_NK3!$V$9- V_NK3!$V$10) * 100, 0) -> 78.078613 | Z468: 541.8 | AA468: 521 | AB468: 538.02 | AC468: 538.07 | AD468: 0 | AE468: 0 | AH468: 0.11479547 | AI468: 0 | AJ468: 0 | AK468: =_xll.SRS1Splines.Functions25.Linear_Interp(V_NK2!$R$10:$R$21,V_NK2!$T$10:$T$21,AR468) -> 43.834314 | AL468: =(AK468/V_NK2!$T$18)*100 -> 61.392597 | AM468: =AK468-V_NK2!$T$11 -> 3.0143143 | AN468: =IFERROR((AK468 - V_NK2!$X$12) / (V_NK2!$X$11- V_NK2!$X$12) * 100, 0) -> 9.8571429 | AO468: 427 | AP468: 420 | AQ468: 420.46 | AR468: 420.69 | AS468: 0 | AT468: 0 | BK468: 0.27847553 | BL468: 0.27847462 | BM468: =BK468-BL468 -> 9.17e-07 | BN468: =_xll.SRS1Splines.Functions25.Linear_Interp(V_XNN1!$K$3:$K$8,V_XNN1!$L$3:$L$8,BT468) -> 0.2064 | BO468: =(BN468/V_XNN1!$L$7)*100 -> 98.285714 | BP468: =_xll.SRS1Splines.Functions25.Linear_Interp(V_XNN1!$K$3:$K$8,V_XNN1!$M$3:$M$8,BT468) -> 0.0504 | BQ468: =IFERROR((BN468 - V_XNN1!$M$16) / (V_XNN1!$M$15- V_XNN1!$M$16) * 100, 0) -> 61.281337 | BR468: 252 | BS468: 249 | BT468: 251.8 | BU468: 0.04 | BV468: 0.039974
A469: 45028 | S469: 0 | T469: 0 | U469: 0 | V469: =_xll.SRS1Splines.Functions25.Linear_Interp(V_NK3!$P$8:$P$32,V_NK3!$R$8:$R$32,AC469) -> 435.70379 | W469: =(V469/V_NK3!$R$28)*100 -> 80.366337 | X469: =V469-V_NK3!$R$8 -> 379.12514 | Y469: =IFERROR((V469 - V_NK3!$V$10) / (V_NK3!$V$9- V_NK3!$V$10) * 100, 0) -> 78.078613 | Z469: 541.8 | AA469: 521 | AB469: 538.02 | AC469: 538.07 | AD469: 0 | AE469: 0 | AH469: 0.11479547 | AI469: 0 | AJ469: 0 | AK469: =_xll.SRS1Splines.Functions25.Linear_Interp(V_NK2!$R$10:$R$21,V_NK2!$T$10:$T$21,AR469) -> 43.834314 | AL469: =(AK469/V_NK2!$T$18)*100 -> 61.392597 | AM469: =AK469-V_NK2!$T$11 -> 3.0143143 | AN469: =IFERROR((AK469 - V_NK2!$X$12) / (V_NK2!$X$11- V_NK2!$X$12) * 100, 0) -> 9.8571429 | AO469: 427 | AP469: 420 | AQ469: 420.46 | AR469: 420.69 | AS469: 0 | AT469: 0 | BK469: 0.22069627 | BL469: 0.22069535 | BM469: =BK469-BL469 -> 9.17e-07 | BN469: =_xll.SRS1Splines.Functions25.Linear_Interp(V_XNN1!$K$3:$K$8,V_XNN1!$L$3:$L$8,BT469) -> 0.2064 | BO469: =(BN469/V_XNN1!$L$7)*100 -> 98.285714 | BP469: =_xll.SRS1Splines.Functions25.Linear_Interp(V_XNN1!$K$3:$K$8,V_XNN1!$M$3:$M$8,BT469) -> 0.0504 | BQ469: =IFERROR((BN469 - V_XNN1!$M$16) / (V_XNN1!$M$15- V_XNN1!$M$16) * 100, 0) -> 61.281337 | BR469: 252 | BS469: 249 | BT469: 251.8 | BU469: 0.04 | BV469: 0.03168
... A518: 45077 | S518: 0.82688309 | T518: 3.8568001 | U518: 0 | V518: =_xll.SRS1Splines.Functions25.Linear_Interp(V_NK3!$P$8:$P$32,V_NK3!$R$8:$R$32,AC518) -> 417.44584 | W518: =(V518/V_NK3!$R$28)*100 -> 76.998624 | X518: =V518-V_NK3!$R$8 -> 360.86719 | Y518: =IFERROR((V518 - V_NK3!$V$10) / (V_NK3!$V$9- V_NK3!$V$10) * 100, 0) -> 74.318494 | Z518: 541.8 | AA518: 521 | AB518: 537.53 | AC518: 537.53 | AD518: 0.91 | AE518: 0.90962267 | AH518: 3.7439915 | AI518: 3.4144691 | AJ518: 0 | AK518: =_xll.SRS1Splines.Functions25.Linear_Interp(V_NK2!$R$10:$R$21,V_NK2!$T$10:$T$21,AR518) -> 49.120286 | AL518: =(AK518/V_NK2!$T$18)*100 -> 68.795918 | AM518: =AK518-V_NK2!$T$11 -> 8.3002857 | AN518: =IFERROR((AK518 - V_NK2!$X$12) / (V_NK2!$X$11- V_NK2!$X$12) * 100, 0) -> 27.142857 | AO518: 427 | AP518: 420 | AQ518: 421.9 | AR518: 421.9 | AS518: 0.48 | AT518: 0.833125 | BK518: 1.37376 | BL518: 1.3894333 | BM518: =BK518-BL518 -> -0.015673271 | BN518: =_xll.SRS1Splines.Functions25.Linear_Interp(V_XNN1!$K$3:$K$8,V_XNN1!$L$3:$L$8,BT518) -> 0.2055 | BO518: =(BN518/V_XNN1!$L$7)*100 -> 97.857143 | BP518: =_xll.SRS1Splines.Functions25.Linear_Interp(V_XNN1!$K$3:$K$8,V_XNN1!$M$3:$M$8,BT518) -> 0.0495 | BQ518: =IFERROR((BN518 - V_XNN1!$M$16) / (V_XNN1!$M$15- V_XNN1!$M$16) * 100, 0) -> 58.495822 | BR518: 252 | BS518: 249 | BT518: 251.75 | BU518: 0.144 | BV518: 0.199448
A519: 45078 | Q519: 6.8 | S519: 1.3827195 | T519: 4.749294 | U519: 0 | V519: =_xll.SRS1Splines.Functions25.Linear_Interp(V_NK3!$P$8:$P$32,V_NK3!$R$8:$R$32,AC519) -> 414.07926 | W519: =(V519/V_NK3!$R$28)*100 -> 76.377654 | X519: =V519-V_NK3!$R$8 -> 357.50061 | Y519: =IFERROR((V519 - V_NK3!$V$10) / (V_NK3!$V$9- V_NK3!$V$10) * 100, 0) -> 73.625168 | Z519: 541.8 | AA519: 521 | AB519: 534.8 | AC519: 537.43 | AD519: 1.03 | AE519: 1.1201165 | AF519: 6.8 | AH519: 4.730662 | AI519: 3.6970884 | AJ519: 0 | AK519: =_xll.SRS1Splines.Functions25.Linear_Interp(V_NK2!$R$10:$R$21,V_NK2!$T$10:$T$21,AR519) -> 50.037686 | AL519: =(AK519/V_NK2!$T$18)*100 -> 70.080792 | AM519: =AK519-V_NK2!$T$11 -> 9.2176857 | AN519: =IFERROR((AK519 - V_NK2!$X$12) / (V_NK2!$X$11- V_NK2!$X$12) * 100, 0) -> 30.142857 | AO519: 427 | AP519: 420 | AQ519: 422.59 | AR519: 422.11 | AS519: 1.272 | AT519: 0.8987 | BK519: 1.6445543 | BL519: 1.5840743 | BM519: =BK519-BL519 -> 0.06048 | BN519: =_xll.SRS1Splines.Functions25.Linear_Interp(V_XNN1!$K$3:$K$8,V_XNN1!$L$3:$L$8,BT519) -> 0.21 | BO519: =(BN519/V_XNN1!$L$7)*100 -> 100 | BP519: =_xll.SRS1Splines.Functions25.Linear_Interp(V_XNN1!$K$3:$K$8,V_XNN1!$M$3:$M$8,BT519) -> 0.054 | BQ519: =IFERROR((BN519 - V_XNN1!$M$16) / (V_XNN1!$M$15- V_XNN1!$M$16) * 100, 0) -> 72.423398 | BR519: 252 | BS519: 249 | BT519: 252 | BU519: 0.312 | BV519: 0.227388
A520: 45079 | Q520: 0 | S520: 0.56644809 | T520: 4.26968 | U520: 0 | V520: =_xll.SRS1Splines.Functions25.Linear_Interp(V_NK3!$P$8:$P$32,V_NK3!$R$8:$R$32,AC520) -> 410.37603 | W520: =(V520/V_NK3!$R$28)*100 -> 75.694586 | X520: =V520-V_NK3!$R$8 -> 353.79738 | Y520: =IFERROR((V520 - V_NK3!$V$10) / (V_NK3!$V$9- V_NK3!$V$10) * 100, 0) -> 72.862509 | Z520: 541.8 | AA520: 521 | AB520: 534.8 | AC520: 537.32 | AD520: 1.03 | AE520: 1.007 | AF520: 0 | AH520: 4.0296399 | AI520: 3.2977313 | AJ520: 0 | AK520: =_xll.SRS1Splines.Functions25.Linear_Interp(V_NK2!$R$10:$R$21,V_NK2!$T$10:$T$21,AR520) -> 50.780343 | AL520: =(AK520/V_NK2!$T$18)*100 -> 71.120928 | AM520: =AK520-V_NK2!$T$11 -> 9.9603429 | AN520: =IFERROR((AK520 - V_NK2!$X$12) / (V_NK2!$X$11- V_NK2!$X$12) * 100, 0) -> 32.571429 | AO520: 427 | AP520: 420 | AQ520: 422.59 | AR520: 422.28 | AS520: 1.272 | AT520: 0.802 | BK520: 2.3301659 | BL520: 2.2696859 | BM520: =BK520-BL520 -> 0.06048 | BN520: =_xll.SRS1Splines.Functions25.Linear_Interp(V_XNN1!$K$3:$K$8,V_XNN1!$L$3:$L$8,BT520) -> 0.21 | BO520: =(BN520/V_XNN1!$L$7)*100 -> 100 | BP520: =_xll.SRS1Splines.Functions25.Linear_Interp(V_XNN1!$K$3:$K$8,V_XNN1!$M$3:$M$8,BT520) -> 0.054 | BQ520: =IFERROR((BN520 - V_XNN1!$M$16) / (V_XNN1!$M$15- V_XNN1!$M$16) * 100, 0) -> 72.423398 | BR520: 252 | BS520: 249 | BT520: 252 | BU520: 0.312 | BV520: 0.325805
A521: 45080 | Q521: 12.8 | S521: 1.6189279 | T521: 3.6388726 | U521: 0 | V521: =_xll.SRS1Splines.Functions25.Linear_Interp(V_NK3!$P$8:$P$32,V_NK3!$R$8:$R$32,AC521) -> 408.35609 | W521: =(V521/V_NK3!$R$28)*100 -> 75.322004 | X521: =V521-V_NK3!$R$8 -> 351.77743 | Y521: =IFERROR((V521 - V_NK3!$V$10) / (V_NK3!$V$9- V_NK3!$V$10) * 100, 0) -> 72.446513 | Z521: 541.8 | AA521: 521 | AB521: 534.8 | AC521: 537.26 | AD521: 1.03 | AE521: 0.85822467 | AF521: 12.8 | AH521: 3.8092315 | AI521: 3.5947819 | AJ521: 0 | AK521: =_xll.SRS1Splines.Functions25.Linear_Interp(V_NK2!$R$10:$R$21,V_NK2!$T$10:$T$21,AR521) -> 50.692971 | AL521: =(AK521/V_NK2!$T$18)*100 -> 70.998559 | AM521: =AK521-V_NK2!$T$11 -> 9.8729714 | AN521: =IFERROR((AK521 - V_NK2!$X$12) / (V_NK2!$X$11- V_NK2!$X$12) * 100, 0) -> 32.285714 | AO521: 427 | AP521: 420 | AQ521: 422.59 | AR521: 422.26 | AS521: 1.272 | AT521: 0.03641 | BK521: 2.2415904 | BL521: 2.2415904 | BM521: =BK521-BL521 -> 0 | BN521: =_xll.SRS1Splines.Functions25.Linear_Interp(V_XNN1!$K$3:$K$8,V_XNN1!$L$3:$L$8,BT521) -> 0.21 | BO521: =(BN521/V_XNN1!$L$7)*100 -> 100 | BP521: =_xll.SRS1Splines.Functions25.Linear_Interp(V_XNN1!$K$3:$K$8,V_XNN1!$M$3:$M$8,BT521) -> 0.054 | BQ521: =IFERROR((BN521 - V_XNN1!$M$16) / (V_XNN1!$M$15- V_XNN1!$M$16) * 100, 0) -> 72.423398 | BR521: 252 | BS521: 249 | BT521: 252 | BU521: 0.312 | BV521: 0.321772
A522: 45081 | Q522: 0 | S522: 0.53134234 | T522: 3.8979168 | U522: 0 | V522: =_xll.SRS1Splines.Functions25.Linear_Interp(V_NK3!$P$8:$P$32,V_NK3!$R$8:$R$32,AC522) -> 404.98951 | W522: =(V522/V_NK3!$R$28)*100 -> 74.701033 | X522: =V522-V_NK3!$R$8 -> 348.41086 | Y522: =IFERROR((V522 - V_NK3!$V$10) / (V_NK3!$V$9- V_NK3!$V$10) * 100, 0) -> 71.753186 | Z522: 541.8 | AA522: 521 | AB522: 534.8 | AC522: 537.16 | AD522: 1.03 | AE522: 0.91932 | AF522: 0 | AH522: 3.6834681 | AI522: 3.0079951 | AJ522: 0 | AK522: =_xll.SRS1Splines.Functions25.Linear_Interp(V_NK2!$R$10:$R$21,V_NK2!$T$10:$T$21,AR522) -> 51.479314 | AL522: =(AK522/V_NK2!$T$18)*100 -> 72.09988 | AM522: =AK522-V_NK2!$T$11 -> 10.659314 | AN522: =IFERROR((AK522 - V_NK2!$X$12) / (V_NK2!$X$11- V_NK2!$X$12) * 100, 0) -> 34.857143 | AO522: 427 | AP522: 420 | AQ522: 422.59 | AR522: 422.44 | AS522: 1.272 | AT522: 0.03047 | BK522: 2.1580633 | BL522: 2.1580633 | BM522: =BK522-BL522 -> 0 | BN522: =_xll.SRS1Splines.Functions25.Linear_Interp(V_XNN1!$K$3:$K$8,V_XNN1!$L$3:$L$8,BT522) -> 0.21 | BO522: =(BN522/V_XNN1!$L$7)*100 -> 100 | BP522: =_xll.SRS1Splines.Functions25.Linear_Interp(V_XNN1!$K$3:$K$8,V_XNN1!$M$3:$M$8,BT522) -> 0.054 | BQ522: =IFERROR((BN522 - V_XNN1!$M$16) / (V_XNN1!$M$15- V_XNN1!$M$16) * 100, 0) -> 72.423398 | BR522: 252 | BS522: 249 | BT522: 252 | BU522: 0.312 | BV522: 0.309782
A523: 45082 | Q523: 1 | S523: 0.76954554 | T523: 4.13612 | U523: 0 | V523: =_xll.SRS1Splines.Functions25.Linear_Interp(V_NK3!$P$8:$P$32,V_NK3!$R$8:$R$32,AC523) -> 401.62294 | W523: =(V523/V_NK3!$R$28)*100 -> 74.080062 | X523: =V523-V_NK3!$R$8 -> 345.04429 | Y523: =IFERROR((V523 - V_NK3!$V$10) / (V_NK3!$V$9- V_NK3!$V$10) * 100, 0) -> 71.05986 | Z523: 541.8 | AA523: 521 | AB523: 534.8 | AC523: 537.06 | AD523: 1.03 | AE523: 0.9755 | AF523: 1 | AH523: 3.976458 | AI523: 3.2269901 | AJ523: 0 | AK523: =_xll.SRS1Splines.Functions25.Linear_Interp(V_NK2!$R$10:$R$21,V_NK2!$T$10:$T$21,AR523) -> 52.178286 | AL523: =(AK523/V_NK2!$T$18)*100 -> 73.078832 | AM523: =AK523-V_NK2!$T$11 -> 11.358286 | AN523: =IFERROR((AK523 - V_NK2!$X$12) / (V_NK2!$X$11- V_NK2!$X$12) * 100, 0) -> 37.142857 | AO523: 427 | AP523: 420 | AQ523: 422.59 | AR523: 422.6 | AS523: 1.272 | AT523: 0.784427 | BK523: 1.8056056 | BL523: 1.8056056 | BM523: =BK523-BL523 -> 0 | BN523: =_xll.SRS1Splines.Functions25.Linear_Interp(V_XNN1!$K$3:$K$8,V_XNN1!$L$3:$L$8,BT523) -> 0.2019 | BO523: =(BN523/V_XNN1!$L$7)*100 -> 96.142857 | BP523: =_xll.SRS1Splines.Functions25.Linear_Interp(V_XNN1!$K$3:$K$8,V_XNN1!$M$3:$M$8,BT523) -> 0.0459 | BQ523: =IFERROR((BN523 - V_XNN1!$M$16) / (V_XNN1!$M$15- V_XNN1!$M$16) * 100, 0) -> 47.35376 | BR523: 252 | BS523: 249 | BT523: 251.55 | BU523: 0.312 | BV523: 0.259188
A524: 45083 | S524: 1.8021157 | T524: 4.4728361 | U524: 0 | V524: =_xll.SRS1Splines.Functions25.Linear_Interp(V_NK3!$P$8:$P$32,V_NK3!$R$8:$R$32,AC524) -> 398.95222 | W524: =(V524/V_NK3!$R$28)*100 -> 73.587443 | X524: =V524-V_NK3!$R$8 -> 342.37357 | Y524: =IFERROR((V524 - V_NK3!$V$10) / (V_NK3!$V$9- V_NK3!$V$10) * 100, 0) -> 70.509841 | Z524: 541.8 | AA524: 521 | AB524: 534.8 | AC524: 536.98 | AD524: 1.03 | AE524: 1.0549142 | AH524: 4.6202506 | AI524: 3.6974998 | AJ524: 0 | AK524: =_xll.SRS1Splines.Functions25.Linear_Interp(V_NK2!$R$10:$R$21,V_NK2!$T$10:$T$21,AR524) -> 53.052 | AL524: =(AK524/V_NK2!$T$18)*100 -> 74.302521 | AM524: =AK524-V_NK2!$T$11 -> 12.232 | AN524: =IFERROR((AK524 - V_NK2!$X$12) / (V_NK2!$X$11- V_NK2!$X$12) * 100, 0) -> 40 | AO524: 427 | AP524: 420 | AQ524: 422.59 | AR524: 422.8 | AS524: 1.272 | AT524: 0.8988 | BK524: 1.5857114 | BL524: 1.5857114 | BM524: =BK524-BL524 -> 0 | BN524: =_xll.SRS1Splines.Functions25.Linear_Interp(V_XNN1!$K$3:$K$8,V_XNN1!$L$3:$L$8,BT524) -> 0.201 | BO524: =(BN524/V_XNN1!$L$7)*100 -> 95.714286 | BP524: =_xll.SRS1Splines.Functions25.Linear_Interp(V_XNN1!$K$3:$K$8,V_XNN1!$M$3:$M$8,BT524) -> 0.045 | BQ524: =IFERROR((BN524 - V_XNN1!$M$16) / (V_XNN1!$M$15- V_XNN1!$M$16) * 100, 0) -> 44.568245 | BR524: 252 | BS524: 249 | BT524: 251.5 | BU524: 0.312 | BV524: 0.227623
A525: 45084 | S525: 2.6634405 | T525: 4.2903797 | U525: 0 | V525: =_xll.SRS1Splines.Functions25.Linear_Interp(V_NK3!$P$8:$P$32,V_NK3!$R$8:$R$32,AC525) -> 397.32528 | W525: =(V525/V_NK3!$R$28)*100 -> 73.287351 | X525: =V525-V_NK3!$R$8 -> 340.74663 | Y525: =IFERROR((V525 - V_NK3!$V$10) / (V_NK3!$V$9- V_NK3!$V$10) * 100, 0) -> 70.174782 | Z525: 541.8 | AA525: 521 | AB525: 534.8 | AC525: 536.93 | AD525: 1.03 | AE525: 1.011882 | AH525: 4.7402771 | AI525: 3.6263307 | AJ525: 0 | AK525: =_xll.SRS1Splines.Functions25.Linear_Interp(V_NK2!$R$10:$R$21,V_NK2!$T$10:$T$21,AR525) -> 53.9694 | AL525: =(AK525/V_NK2!$T$18)*100 -> 75.587395 | AM525: =AK525-V_NK2!$T$11 -> 13.1494 | AN525: =IFERROR((AK525 - V_NK2!$X$12) / (V_NK2!$X$11- V_NK2!$X$12) * 100, 0) -> 43 | AO525: 427 | AP525: 420 | AQ525: 422.59 | AR525: 423.01 | AS525: 1.272 | AT525: 0.8815 | BK525: 2.0000934 | BL525: 2.0000934 | BM525: =BK525-BL525 -> 0 | BN525: =_xll.SRS1Splines.Functions25.Linear_Interp(V_XNN1!$K$3:$K$8,V_XNN1!$L$3:$L$8,BT525) -> 0.21 | BO525: =(BN525/V_XNN1!$L$7)*100 -> 100 | BP525: =_xll.SRS1Splines.Functions25.Linear_Interp(V_XNN1!$K$3:$K$8,V_XNN1!$M$3:$M$8,BT525) -> 0.054 | BQ525: =IFERROR((BN525 - V_XNN1!$M$16) / (V_XNN1!$M$15- V_XNN1!$M$16) * 100, 0) -> 72.423398 | BR525: 252 | BS525: 249 | BT525: 252 | BU525: 0.312 | BV525: 0.287106
A526: 45085 | S526: 2.3630923 | T526: 4.6408072 | U526: 0 | V526: =_xll.SRS1Splines.Functions25.Linear_Interp(V_NK3!$P$8:$P$32,V_NK3!$R$8:$R$32,AC526) -> 395.04756 | W526: =(V526/V_NK3!$R$28)*100 -> 72.867223 | X526: =V526-V_NK3!$R$8 -> 338.46891 | Y526: =IFERROR((V526 - V_NK3!$V$10) / (V_NK3!$V$9- V_NK3!$V$10) * 100, 0) -> 69.7057 | Z526: 541.8 | AA526: 521 | AB526: 534.8 | AC526: 536.86 | AD526: 1.03 | AE526: 1.09453 | AH526: 4.9565469 | AI526: 3.2050757 | AJ526: 0 | AK526: =_xll.SRS1Splines.Functions25.Linear_Interp(V_NK2!$R$10:$R$21,V_NK2!$T$10:$T$21,AR526) -> 55.4984 | AL526: =(AK526/V_NK2!$T$18)*100 -> 77.728852 | AM526: =AK526-V_NK2!$T$11 -> 14.6784 | AN526: =IFERROR((AK526 - V_NK2!$X$12) / (V_NK2!$X$11- V_NK2!$X$12) * 100, 0) -> 48 | AO526: 427 | AP526: 420 | AQ526: 422.59 | AR526: 423.36 | AS526: 1.272 | AT526: 0.7791 | BK526: 2.3155178 | BL526: 2.3155178 | BM526: =BK526-BL526 -> 0 | BN526: =_xll.SRS1Splines.Functions25.Linear_Interp(V_XNN1!$K$3:$K$8,V_XNN1!$L$3:$L$8,BT526) -> 0.21 | BO526: =(BN526/V_XNN1!$L$7)*100 -> 100 | BP526: =_xll.SRS1Splines.Functions25.Linear_Interp(V_XNN1!$K$3:$K$8,V_XNN1!$M$3:$M$8,BT526) -> 0.054 | BQ526: =IFERROR((BN526 - V_XNN1!$M$16) / (V_XNN1!$M$15- V_XNN1!$M$16) * 100, 0) -> 72.423398 | BR526: 252 | BS526: 249 | BT526: 252 | BU526: 0.312 | BV526: 0.332384
A527: 45086 | S527: 1.6201796 | T527: 2.921731 | U527: 0 | V527: =_xll.SRS1Splines.Functions25.Linear_Interp(V_NK3!$P$8:$P$32,V_NK3!$R$8:$R$32,AC527) -> 393.74601 | W527: =(V527/V_NK3!$R$28)*100 -> 72.627149 | X527: =V527-V_NK3!$R$8 -> 337.16736 | Y527: =IFERROR((V527 - V_NK3!$V$10) / (V_NK3!$V$9- V_NK3!$V$10) * 100, 0) -> 69.437653 | Z527: 541.8 | AA527: 521 | AB527: 534.8 | AC527: 536.82 | AD527: 1.03 | AE527: 0.6890875 | AH527: 3.1642172 | AI527: 3.1318498 | AJ527: 0 | AK527: =_xll.SRS1Splines.Functions25.Linear_Interp(V_NK2!$R$10:$R$21,V_NK2!$T$10:$T$21,AR527) -> 55.411029 | AL527: =(AK527/V_NK2!$T$18)*100 -> 77.606483 | AM527: =AK527-V_NK2!$T$11 -> 14.591029 | AN527: =IFERROR((AK527 - V_NK2!$X$12) / (V_NK2!$X$11- V_NK2!$X$12) * 100, 0) -> 47.714286 | AO527: 427 | AP527: 420 | AQ527: 422.59 | AR527: 423.34 | AS527: 1.272 | AT527: 0.7613 | BK527: 2.2391104 | BL527: 2.2391104 | BM527: =BK527-BL527 -> 0 | BN527: =_xll.SRS1Splines.Functions25.Linear_Interp(V_XNN1!$K$3:$K$8,V_XNN1!$L$3:$L$8,BT527) -> 0.21 | BO527: =(BN527/V_XNN1!$L$7)*100 -> 100 | BP527: =_xll.SRS1Splines.Functions25.Linear_Interp(V_XNN1!$K$3:$K$8,V_XNN1!$M$3:$M$8,BT527) -> 0.054 | BQ527: =IFERROR((BN527 - V_XNN1!$M$16) / (V_XNN1!$M$15- V_XNN1!$M$16) * 100, 0) -> 72.423398 | BR527: 252 | BS527: 249 | BT527: 252 | BU527: 0.312 | BV527: 0.321416
A528: 45087 | Q528: 0 | S528: 1.9703513 | T528: 4.5734541 | U528: 0 | V528: =_xll.SRS1Splines.Functions25.Linear_Interp(V_NK3!$P$8:$P$32,V_NK3!$R$8:$R$32,AC528) -> 391.14291 | W528: =(V528/V_NK3!$R$28)*100 -> 72.147002 | X528: =V528-V_NK3!$R$8 -> 334.56426 | Y528: =IFERROR((V528 - V_NK3!$V$10) / (V_NK3!$V$9- V_NK3!$V$10) * 100, 0) -> 68.901559 | Z528: 541.8 | AA528: 521 | AB528: 534.8 | AC528: 536.74 | AD528: 1.03 | AE528: 1.0786448 | AF528: 0 | AH528: 4.7663246 | AI528: 3.5794332 | AJ528: 0 | AK528: =_xll.SRS1Splines.Functions25.Linear_Interp(V_NK2!$R$10:$R$21,V_NK2!$T$10:$T$21,AR528) -> 56.4158 | AL528: =(AK528/V_NK2!$T$18)*100 -> 79.013725 | AM528: =AK528-V_NK2!$T$11 -> 15.5958 | AN528: =IFERROR((AK528 - V_NK2!$X$12) / (V_NK2!$X$11- V_NK2!$X$12) * 100, 0) -> 51 | AO528: 427 | AP528: 420 | AQ528: 422.59 | AR528: 423.57 | AS528: 1.272 | AT528: 0.8701 | BK528: 2.0139356 | BL528: 2.0139356 | BM528: =BK528-BL528 -> 0 | BN528: =_xll.SRS1Splines.Functions25.Linear_Interp(V_XNN1!$K$3:$K$8,V_XNN1!$L$3:$L$8,BT528) -> 0.1866 | BO528: =(BN528/V_XNN1!$L$7)*100 -> 88.857143 | BP528: =_xll.SRS1Splines.Functions25.Linear_Interp(V_XNN1!$K$3:$K$8,V_XNN1!$M$3:$M$8,BT528) -> 0.0306 | BQ528: =IFERROR((BN528 - V_XNN1!$M$16) / (V_XNN1!$M$15- V_XNN1!$M$16) * 100, 0) -> 0 | BR528: 252 | BS528: 249 | BT528: 250.7 | BU528: 0.312 | BV528: 0.289093
A529: 45088 | S529: 1.8546403 | T529: 2.505416 | U529: 0 | V529: =_xll.SRS1Splines.Functions25.Linear_Interp(V_NK3!$P$8:$P$32,V_NK3!$R$8:$R$32,AC529) -> 390.49213 | W529: =(V529/V_NK3!$R$28)*100 -> 72.026966 | X529: =V529-V_NK3!$R$8 -> 333.91348 | Y529: =IFERROR((V529 - V_NK3!$V$10) / (V_NK3!$V$9- V_NK3!$V$10) * 100, 0) -> 68.767536 | Z529: 541.8 | AA529: 521 | AB529: 534.8 | AC529: 536.72 | AD529: 1.03 | AE529: 0.5909 | AH529: 2.8669057 | AI529: 2.3761414 | AJ529: 0 | AK529: =_xll.SRS1Splines.Functions25.Linear_Interp(V_NK2!$R$10:$R$21,V_NK2!$T$10:$T$21,AR529) -> 57.114771 | AL529: =(AK529/V_NK2!$T$18)*100 -> 79.992677 | AM529: =AK529-V_NK2!$T$11 -> 16.294771 | AN529: =IFERROR((AK529 - V_NK2!$X$12) / (V_NK2!$X$11- V_NK2!$X$12) * 100, 0) -> 53.285714 | AO529: 427 | AP529: 420 | AQ529: 422.59 | AR529: 423.73 | AS529: 1.272 | AT529: 0.5776 | BK529: 1.7952536 | BL529: 1.7952536 | BM529: =BK529-BL529 -> 0 | BN529: =_xll.SRS1Splines.Functions25.Linear_Interp(V_XNN1!$K$3:$K$8,V_XNN1!$L$3:$L$8,BT529) -> 0.2037 | BO529: =(BN529/V_XNN1!$L$7)*100 -> 97 | BP529: =_xll.SRS1Splines.Functions25.Linear_Interp(V_XNN1!$K$3:$K$8,V_XNN1!$M$3:$M$8,BT529) -> 0.0477 | BQ529: =IFERROR((BN529 - V_XNN1!$M$16) / (V_XNN1!$M$15- V_XNN1!$M$16) * 100, 0) -> 52.924791 | BR529: 252 | BS529: 249 | BT529: 251.65 | BU529: 0.312 | BV529: 0.257702
A530: 45089 | S530: 1.2915068 | T530: 3.8946096 | U530: 0 | V530: =_xll.SRS1Splines.Functions25.Linear_Interp(V_NK3!$P$8:$P$32,V_NK3!$R$8:$R$32,AC530) -> 387.88903 | W530: =(V530/V_NK3!$R$28)*100 -> 71.546819 | X530: =V530-V_NK3!$R$8 -> 331.31038 | Y530: =IFERROR((V530 - V_NK3!$V$10) / (V_NK3!$V$9- V_NK3!$V$10) * 100, 0) -> 68.231442 | Z530: 541.8 | AA530: 521 | AB530: 534.8 | AC530: 536.64 | AD530: 1.03 | AE530: 0.91854 | AH530: 3.9313459 | AI530: 4.2413465 | AJ530: 0 | AK530: =_xll.SRS1Splines.Functions25.Linear_Interp(V_NK2!$R$10:$R$21,V_NK2!$T$10:$T$21,AR530) -> 56.7216 | AL530: =(AK530/V_NK2!$T$18)*100 -> 79.442017 | AM530: =AK530-V_NK2!$T$11 -> 15.9016 | AN530: =IFERROR((AK530 - V_NK2!$X$12) / (V_NK2!$X$11- V_NK2!$X$12) * 100, 0) -> 52 | AO530: 427 | AP530: 420 | AQ530: 422.59 | AR530: 423.64 | AS530: 1.272 | AT530: 1.031 | BK530: 1.833304 | BL530: 1.833304 | BM530: =BK530-BL530 -> 0 | BN530: =_xll.SRS1Splines.Functions25.Linear_Interp(V_XNN1!$K$3:$K$8,V_XNN1!$L$3:$L$8,BT530) -> 0.20424 | BO530: =(BN530/V_XNN1!$L$7)*100 -> 97.257143 | BP530: =_xll.SRS1Splines.Functions25.Linear_Interp(V_XNN1!$K$3:$K$8,V_XNN1!$M$3:$M$8,BT530) -> 0.04824 | BQ530: =IFERROR((BN530 - V_XNN1!$M$16) / (V_XNN1!$M$15- V_XNN1!$M$16) * 100, 0) -> 54.5961 | BR530: 252 | BS530: 249 | BT530: 251.68 | BU530: 0.312 | BV530: 0.263164
A531: 45090 | Q531: 0.8 | S531: 0.76346608 | T531: 4.3427324 | U531: 0 | V531: =_xll.SRS1Splines.Functions25.Linear_Interp(V_NK3!$P$8:$P$32,V_NK3!$R$8:$R$32,AC531) -> 384.30976 | W531: =(V531/V_NK3!$R$28)*100 -> 70.886617 | X531: =V531-V_NK3!$R$8 -> 327.73111 | Y531: =IFERROR((V531 - V_NK3!$V$10) / (V_NK3!$V$9- V_NK3!$V$10) * 100, 0) -> 67.494313 | Z531: 541.8 | AA531: 521 | AB531: 534.8 | AC531: 536.53 | AD531: 1.03 | AE531: 1.0242293 | AF531: 0.8 | AH531: 4.1604029 | AI531: 4.5284911 | AJ531: 0 | AK531: =_xll.SRS1Splines.Functions25.Linear_Interp(V_NK2!$R$10:$R$21,V_NK2!$T$10:$T$21,AR531) -> 56.459486 | AL531: =(AK531/V_NK2!$T$18)*100 -> 79.07491 | AM531: =AK531-V_NK2!$T$11 -> 15.639486 | AN531: =IFERROR((AK531 - V_NK2!$X$12) / (V_NK2!$X$11- V_NK2!$X$12) * 100, 0) -> 51.142857 | AO531: 427 | AP531: 420 | AQ531: 422.59 | AR531: 423.58 | AS531: 1.272 | AT531: 1.1008 | BK531: 2.123733 | BL531: 2.123733 | BM531: =BK531-BL531 -> 0 | BN531: =_xll.SRS1Splines.Functions25.Linear_Interp(V_XNN1!$K$3:$K$8,V_XNN1!$L$3:$L$8,BT531) -> 0.21 | BO531: =(BN531/V_XNN1!$L$7)*100 -> 100 | BP531: =_xll.SRS1Splines.Functions25.Linear_Interp(V_XNN1!$K$3:$K$8,V_XNN1!$M$3:$M$8,BT531) -> 0.054 | BQ531: =IFERROR((BN531 - V_XNN1!$M$16) / (V_XNN1!$M$15- V_XNN1!$M$16) * 100, 0) -> 72.423398 | BR531: 252 | BS531: 249 | BT531: 252 | BU531: 0.312 | BV531: 0.304854
A532: 45091 | S532: 0.89951002 | T532: 5.129552 | U532: 0 | V532: =_xll.SRS1Splines.Functions25.Linear_Interp(V_NK3!$P$8:$P$32,V_NK3!$R$8:$R$32,AC532) -> 380.07972 | W532: =(V532/V_NK3!$R$28)*100 -> 70.106378 | X532: =V532-V_NK3!$R$8 -> 323.50107 | Y532: =IFERROR((V532 - V_NK3!$V$10) / (V_NK3!$V$9- V_NK3!$V$10) * 100, 0) -> 66.62316 | Z532: 541.8 | AA532: 521 | AB532: 534.8 | AC532: 536.4 | AD532: 1.03 | AE532: 1.2098 | AH532: 4.9134351 | AI532: 4.2487514 | AJ532: 0 | AK532: =_xll.SRS1Splines.Functions25.Linear_Interp(V_NK2!$R$10:$R$21,V_NK2!$T$10:$T$21,AR532) -> 57.245829 | AL532: =(AK532/V_NK2!$T$18)*100 -> 80.17623 | AM532: =AK532-V_NK2!$T$11 -> 16.425829 | AN532: =IFERROR((AK532 - V_NK2!$X$12) / (V_NK2!$X$11- V_NK2!$X$12) * 100, 0) -> 53.714286 | AO532: 427 | AP532: 420 | AQ532: 422.59 | AR532: 423.76 | AS532: 1.272 | AT532: 1.0328 | BK532: 2.2165393 | BL532: 2.2165393 | BM532: =BK532-BL532 -> 0 | BN532: =_xll.SRS1Splines.Functions25.Linear_Interp(V_XNN1!$K$3:$K$8,V_XNN1!$L$3:$L$8,BT532) -> 0.2101782 | BO532: =(BN532/V_XNN1!$L$7)*100 -> 100.08486 | BP532: =_xll.SRS1Splines.Functions25.Linear_Interp(V_XNN1!$K$3:$K$8,V_XNN1!$M$3:$M$8,BT532) -> 0.0541782 | BQ532: =IFERROR((BN532 - V_XNN1!$M$16) / (V_XNN1!$M$15- V_XNN1!$M$16) * 100, 0) -> 72.97493 | BR532: 252 | BS532: 249 | BT532: 252.01 | BU532: 0.312 | BV532: 0.318176
A533: 45092 | S533: 0.49274385 | T533: 5.0481737 | U533: 0 | V533: =_xll.SRS1Splines.Functions25.Linear_Interp(V_NK3!$P$8:$P$32,V_NK3!$R$8:$R$32,AC533) -> 375.52429 | W533: =(V533/V_NK3!$R$28)*100 -> 69.266121 | X533: =V533-V_NK3!$R$8 -> 318.94564 | Y533: =IFERROR((V533 - V_NK3!$V$10) / (V_NK3!$V$9- V_NK3!$V$10) * 100, 0) -> 65.684996 | Z533: 541.8 | AA533: 521 | AB533: 534.8 | AC533: 536.26 | AD533: 1.03 | AE533: 1.190607 | AH533: 4.7059618 | AI533: 3.9579045 | AJ533: 0 | AK533: =_xll.SRS1Splines.Functions25.Linear_Interp(V_NK2!$R$10:$R$21,V_NK2!$T$10:$T$21,AR533) -> 58.206914 | AL533: =(AK533/V_NK2!$T$18)*100 -> 81.522289 | AM533: =AK533-V_NK2!$T$11 -> 17.386914 | AN533: =IFERROR((AK533 - V_NK2!$X$12) / (V_NK2!$X$11- V_NK2!$X$12) * 100, 0) -> 56.857143 | AO533: 427 | AP533: 420 | AQ533: 422.59 | AR533: 423.98 | AS533: 1.272 | AT533: 0.9621 | BK533: 2.0879814 | BL533: 2.0879814 | BM533: =BK533-BL533 -> 0 | BN533: =_xll.SRS1Splines.Functions25.Linear_Interp(V_XNN1!$K$3:$K$8,V_XNN1!$L$3:$L$8,BT533) -> 0.20622 | BO533: =(BN533/V_XNN1!$L$7)*100 -> 98.2 | BP533: =_xll.SRS1Splines.Functions25.Linear_Interp(V_XNN1!$K$3:$K$8,V_XNN1!$M$3:$M$8,BT533) -> 0.05022 | BQ533: =IFERROR((BN533 - V_XNN1!$M$16) / (V_XNN1!$M$15- V_XNN1!$M$16) * 100, 0) -> 60.724234 | BR533: 252 | BS533: 249 | BT533: 251.79 | BU533: 0.312 | BV533: 0.299722
A534: 45093 | S534: 0.44734935 | T534: 5.328167 | U534: 0 | V534: =_xll.SRS1Splines.Functions25.Linear_Interp(V_NK3!$P$8:$P$32,V_NK3!$R$8:$R$32,AC534) -> 370.64347 | W534: =(V534/V_NK3!$R$28)*100 -> 68.365845 | X534: =V534-V_NK3!$R$8 -> 314.06482 | Y534: =IFERROR((V534 - V_NK3!$V$10) / (V_NK3!$V$9- V_NK3!$V$10) * 100, 0) -> 64.67982 | Z534: 541.8 | AA534: 521 | AB534: 534.8 | AC534: 536.11 | AD534: 1.03 | AE534: 1.2566432 | AH534: 4.9429756 | AI534: 6.0514265 | AJ534: 0 | AK534: =_xll.SRS1Splines.Functions25.Linear_Interp(V_NK2!$R$10:$R$21,V_NK2!$T$10:$T$21,AR534) -> 57.158457 | AL534: =(AK534/V_NK2!$T$18)*100 -> 80.053862 | AM534: =AK534-V_NK2!$T$11 -> 16.338457 | AN534: =IFERROR((AK534 - V_NK2!$X$12) / (V_NK2!$X$11- V_NK2!$X$12) * 100, 0) -> 53.428571 | AO534: 427 | AP534: 420 | AQ534: 422.59 | AR534: 423.74 | AS534: 1.272 | AT534: 1.471 | BK534: 2.003082 | BL534: 2.003082 | BM534: =BK534-BL534 -> 0 | BN534: =_xll.SRS1Splines.Functions25.Linear_Interp(V_XNN1!$K$3:$K$8,V_XNN1!$L$3:$L$8,BT534) -> 0.2046 | BO534: =(BN534/V_XNN1!$L$7)*100 -> 97.428571 | BP534: =_xll.SRS1Splines.Functions25.Linear_Interp(V_XNN1!$K$3:$K$8,V_XNN1!$M$3:$M$8,BT534) -> 0.0486 | BQ534: =IFERROR((BN534 - V_XNN1!$M$16) / (V_XNN1!$M$15- V_XNN1!$M$16) * 100, 0) -> 55.710306 | BR534: 252 | BS534: 249 | BT534: 251.7 | BU534: 0.312 | BV534: 0.287535
A535: 45094 | S535: 0.62752687 | T535: 5.4611101 | U535: 0 | V535: =_xll.SRS1Splines.Functions25.Linear_Interp(V_NK3!$P$8:$P$32,V_NK3!$R$8:$R$32,AC535) -> 365.80989 | W535: =(V535/V_NK3!$R$28)*100 -> 67.474282 | X535: =V535-V_NK3!$R$8 -> 309.23124 | Y535: =IFERROR((V535 - V_NK3!$V$10) / (V_NK3!$V$9- V_NK3!$V$10) * 100, 0) -> 63.684372 | Z535: 541.8 | AA535: 521 | AB535: 534.8 | AC535: 535.96 | AD535: 1.03 | AE535: 1.2879977 | AH535: 5.122083 | AI535: 6.2390167 | AJ535: 0 | AK535: =_xll.SRS1Splines.Functions25.Linear_Interp(V_NK2!$R$10:$R$21,V_NK2!$T$10:$T$21,AR535) -> 56.503171 | AL535: =(AK535/V_NK2!$T$18)*100 -> 79.136094 | AM535: =AK535-V_NK2!$T$11 -> 15.683171 | AN535: =IFERROR((AK535 - V_NK2!$X$12) / (V_NK2!$X$11- V_NK2!$X$12) * 100, 0) -> 51.285714 | AO535: 427 | AP535: 420 | AQ535: 422.59 | AR535: 423.59 | AS535: 1.272 | AT535: 1.5166 | BK535: 2.0977483 | BL535: 2.0977483 | BM535: =BK535-BL535 -> 0 | BN535: =_xll.SRS1Splines.Functions25.Linear_Interp(V_XNN1!$K$3:$K$8,V_XNN1!$L$3:$L$8,BT535) -> 0.20604 | BO535: =(BN535/V_XNN1!$L$7)*100 -> 98.114286 | BP535: =_xll.SRS1Splines.Functions25.Linear_Interp(V_XNN1!$K$3:$K$8,V_XNN1!$M$3:$M$8,BT535) -> 0.05004 | BQ535: =IFERROR((BN535 - V_XNN1!$M$16) / (V_XNN1!$M$15- V_XNN1!$M$16) * 100, 0) -> 60.167131 | BR535: 252 | BS535: 249 | BT535: 251.78 | BU535: 0.312 | BV535: 0.301124
A536: 45095 | Q536: 1.6 | S536: 1.627983 | T536: 2.2551415 | U536: 0 | V536: =_xll.SRS1Splines.Functions25.Linear_Interp(V_NK3!$P$8:$P$32,V_NK3!$R$8:$R$32,AC536) -> 365.18273 | W536: =(V536/V_NK3!$R$28)*100 -> 67.358602 | X536: =V536-V_NK3!$R$8 -> 308.60408 | Y536: =IFERROR((V536 - V_NK3!$V$10) / (V_NK3!$V$9- V_NK3!$V$10) * 100, 0) -> 63.555212 | Z536: 541.8 | AA536: 521 | AB536: 534.8 | AC536: 535.94 | AD536: 1.03 | AE536: 0.531873 | AF536: 1.6 | AH536: 2.5668618 | AI536: 1.8944133 | AJ536: 0 | AK536: =_xll.SRS1Splines.Functions25.Linear_Interp(V_NK2!$R$10:$R$21,V_NK2!$T$10:$T$21,AR536) -> 57.289514 | AL536: =(AK536/V_NK2!$T$18)*100 -> 80.237415 | AM536: =AK536-V_NK2!$T$11 -> 16.469514 | AN536: =IFERROR((AK536 - V_NK2!$X$12) / (V_NK2!$X$11- V_NK2!$X$12) * 100, 0) -> 53.857143 | AO536: 427 | AP536: 420 | AQ536: 422.59 | AR536: 423.77 | AS536: 1.272 | AT536: 0.4605 | BK536: 2.1894023 | BL536: 2.1866813 | BM536: =BK536-BL536 -> 0.002721 | BN536: =_xll.SRS1Splines.Functions25.Linear_Interp(V_XNN1!$K$3:$K$8,V_XNN1!$L$3:$L$8,BT536) -> 0.2103564 | BO536: =(BN536/V_XNN1!$L$7)*100 -> 100.16971 | BP536: =_xll.SRS1Splines.Functions25.Linear_Interp(V_XNN1!$K$3:$K$8,V_XNN1!$M$3:$M$8,BT536) -> 0.0543564 | BQ536: =IFERROR((BN536 - V_XNN1!$M$16) / (V_XNN1!$M$15- V_XNN1!$M$16) * 100, 0) -> 73.526462 | BR536: 252 | BS536: 249 | BT536: 252.02 | BU536: 0.312 | BV536: 0.31389
A537: 45096 | Q537: 0 | S537: 0.62546175 | T537: 4.7019918 | U537: 0 | V537: =_xll.SRS1Splines.Functions25.Linear_Interp(V_NK3!$P$8:$P$32,V_NK3!$R$8:$R$32,AC537) -> 361.1062 | W537: =(V537/V_NK3!$R$28)*100 -> 66.606679 | X537: =V537-V_NK3!$R$8 -> 304.52755 | Y537: =IFERROR((V537 - V_NK3!$V$10) / (V_NK3!$V$9- V_NK3!$V$10) * 100, 0) -> 62.715674 | Z537: 541.8 | AA537: 521 | AB537: 534.8 | AC537: 535.81 | AD537: 1.03 | AE537: 1.1089603 | AH537: 4.438195 | AI537: 6.1073745 | AJ537: 0 | AK537: =_xll.SRS1Splines.Functions25.Linear_Interp(V_NK2!$R$10:$R$21,V_NK2!$T$10:$T$21,AR537) -> 55.978943 | AL537: =(AK537/V_NK2!$T$18)*100 -> 78.401881 | AM537: =AK537-V_NK2!$T$11 -> 15.158943 | AN537: =IFERROR((AK537 - V_NK2!$X$12) / (V_NK2!$X$11- V_NK2!$X$12) * 100, 0) -> 49.571429 | AO537: 427 | AP537: 420 | AQ537: 422.59 | AR537: 423.47 | AS537: 1.272 | AT537: 1.4846 | BK537: 2.2032613 | BL537: 2.2032613 | BM537: =BK537-BL537 -> 0 | BN537: =_xll.SRS1Splines.Functions25.Linear_Interp(V_XNN1!$K$3:$K$8,V_XNN1!$L$3:$L$8,BT537) -> 0.21 | BO537: =(BN537/V_XNN1!$L$7)*100 -> 100 | BP537: =_xll.SRS1Splines.Functions25.Linear_Interp(V_XNN1!$K$3:$K$8,V_XNN1!$M$3:$M$8,BT537) -> 0.054 | BQ537: =IFERROR((BN537 - V_XNN1!$M$16) / (V_XNN1!$M$15- V_XNN1!$M$16) * 100, 0) -> 72.423398 | BR537: 252 | BS537: 249 | BT537: 252 | BU537: 0.312 | BV537: 0.31627
A538: 45097 | Q538: 0 | S538: 0.11174193 | T538: 4.188272 | U538: 0 | V538: =_xll.SRS1Splines.Functions25.Linear_Interp(V_NK3!$P$8:$P$32,V_NK3!$R$8:$R$32,AC538) -> 357.02967 | W538: =(V538/V_NK3!$R$28)*100 -> 65.854756 | X538: =V538-V_NK3!$R$8 -> 300.45102 | Y538: =IFERROR((V538 - V_NK3!$V$10) / (V_NK3!$V$9- V_NK3!$V$10) * 100, 0) -> 61.876137 | Z538: 541.8 | AA538: 521 | AB538: 534.8 | AC538: 535.68 | AD538: 1.03 | AE538: 0.9878 | AF538: 0 | AH538: 3.929112 | AI538: 4.3594131 | AJ538: 0 | AK538: =_xll.SRS1Splines.Functions25.Linear_Interp(V_NK2!$R$10:$R$21,V_NK2!$T$10:$T$21,AR538) -> 55.716829 | AL538: =(AK538/V_NK2!$T$18)*100 -> 78.034774 | AM538: =AK538-V_NK2!$T$11 -> 14.896829 | AN538: =IFERROR((AK538 - V_NK2!$X$12) / (V_NK2!$X$11- V_NK2!$X$12) * 100, 0) -> 48.714286 | AO538: 427 | AP538: 420 | AQ538: 422.59 | AR538: 423.41 | AS538: 1.272 | AT538: 1.0597 | BK538: 2.4035186 | BL538: 2.2523186 | BM538: =BK538-BL538 -> 0.1512 | BN538: =_xll.SRS1Splines.Functions25.Linear_Interp(V_XNN1!$K$3:$K$8,V_XNN1!$L$3:$L$8,BT538) -> 0.210891 | BO538: =(BN538/V_XNN1!$L$7)*100 -> 100.42429 | BP538: =_xll.SRS1Splines.Functions25.Linear_Interp(V_XNN1!$K$3:$K$8,V_XNN1!$M$3:$M$8,BT538) -> 0.054891 | BQ538: =IFERROR((BN538 - V_XNN1!$M$16) / (V_XNN1!$M$15- V_XNN1!$M$16) * 100, 0) -> 75.181058 | BR538: 252 | BS538: 249 | BT538: 252.05 | BU538: 0.312 | BV538: 0.323312
A539: 45098 | Q539: 10.8 | S539: 1.0256458 | T539: 4.7885966 | U539: 0 | V539: =_xll.SRS1Splines.Functions25.Linear_Interp(V_NK3!$P$8:$P$32,V_NK3!$R$8:$R$32,AC539) -> 353.26672 | W539: =(V539/V_NK3!$R$28)*100 -> 65.160673 | X539: =V539-V_NK3!$R$8 -> 296.68807 | Y539: =IFERROR((V539 - V_NK3!$V$10) / (V_NK3!$V$9- V_NK3!$V$10) * 100, 0) -> 61.101179 | Z539: 541.8 | AA539: 521 | AB539: 534.8 | AC539: 535.56 | AD539: 1.03 | AE539: 1.129386 | AF539: 0.4 | AH539: 4.6482001 | AI539: 5.6552659 | AJ539: 0 | AK539: =_xll.SRS1Splines.Functions25.Linear_Interp(V_NK2!$R$10:$R$21,V_NK2!$T$10:$T$21,AR539) -> 54.537314 | AL539: =(AK539/V_NK2!$T$18)*100 -> 76.382793 | AM539: =AK539-V_NK2!$T$11 -> 13.717314 | AN539: =IFERROR((AK539 - V_NK2!$X$12) / (V_NK2!$X$11- V_NK2!$X$12) * 100, 0) -> 44.857143 | AO539: 427 | AP539: 420 | AQ539: 422.59 | AR539: 423.14 | AS539: 1.272 | AT539: 1.3747 | BK539: 2.3555761 | BL539: 1.9674071 | BM539: =BK539-BL539 -> 0.388169 | BN539: =_xll.SRS1Splines.Functions25.Linear_Interp(V_XNN1!$K$3:$K$8,V_XNN1!$L$3:$L$8,BT539) -> 0.210891 | BO539: =(BN539/V_XNN1!$L$7)*100 -> 100.42429 | BP539: =_xll.SRS1Splines.Functions25.Linear_Interp(V_XNN1!$K$3:$K$8,V_XNN1!$M$3:$M$8,BT539) -> 0.054891 | BQ539: =IFERROR((BN539 - V_XNN1!$M$16) / (V_XNN1!$M$15- V_XNN1!$M$16) * 100, 0) -> 75.181058 | BR539: 252 | BS539: 249 | BT539: 252.05 | BU539: 0.312 | BV539: 0.282414
A540: 45099 | Q540: 0.2 | S540: -0.48484091 | T540: 5.1595853 | U540: 0 | V540: =_xll.SRS1Splines.Functions25.Linear_Interp(V_NK3!$P$8:$P$32,V_NK3!$R$8:$R$32,AC540) -> 347.6223 | W540: =(V540/V_NK3!$R$28)*100 -> 64.119548 | X540: =V540-V_NK3!$R$8 -> 291.04364 | Y540: =IFERROR((V540 - V_NK3!$V$10) / (V_NK3!$V$9- V_NK3!$V$10) * 100, 0) -> 59.938742 | Z540: 541.8 | AA540: 521 | AB540: 534.8 | AC540: 535.38 | AD540: 1.03 | AE540: 1.2168833 | AF540: 0 | AH540: 4.651325 | AI540: 6.0139908 | AJ540: 0 | AK540: =_xll.SRS1Splines.Functions25.Linear_Interp(V_NK2!$R$10:$R$21,V_NK2!$T$10:$T$21,AR540) -> 53.183057 | AL540: =(AK540/V_NK2!$T$18)*100 -> 74.486074 | AM540: =AK540-V_NK2!$T$11 -> 12.363057 | AN540: =IFERROR((AK540 - V_NK2!$X$12) / (V_NK2!$X$11- V_NK2!$X$12) * 100, 0) -> 40.428571 | AO540: 427 | AP540: 420 | AQ540: 422.59 | AR540: 422.83 | AS540: 1.272 | AT540: 1.4619 | BK540: 2.4796629 | BL540: 2.2638689 | BM540: =BK540-BL540 -> 0.215794 | BN540: =_xll.SRS1Splines.Functions25.Linear_Interp(V_XNN1!$K$3:$K$8,V_XNN1!$L$3:$L$8,BT540) -> 0.210891 | BO540: =(BN540/V_XNN1!$L$7)*100 -> 100.42429 | BP540: =_xll.SRS1Splines.Functions25.Linear_Interp(V_XNN1!$K$3:$K$8,V_XNN1!$M$3:$M$8,BT540) -> 0.054891 | BQ540: =IFERROR((BN540 - V_XNN1!$M$16) / (V_XNN1!$M$15- V_XNN1!$M$16) * 100, 0) -> 75.181058 | BR540: 252 | BS540: 249 | BT540: 252.05 | BU540: 0.312 | BV540: 0.32497
A541: 45100 | Q541: 0 | S541: -0.025515775 | T541: 4.991752 | U541: 0 | V541: =_xll.SRS1Splines.Functions25.Linear_Interp(V_NK3!$P$8:$P$32,V_NK3!$R$8:$R$32,AC541) -> 342.60503 | W541: =(V541/V_NK3!$R$28)*100 -> 63.194104 | X541: =V541-V_NK3!$R$8 -> 286.02638 | Y541: =IFERROR((V541 - V_NK3!$V$10) / (V_NK3!$V$9- V_NK3!$V$10) * 100, 0) -> 58.905465 | Z541: 541.8 | AA541: 521 | AB541: 534.8 | AC541: 535.22 | AD541: 1.03 | AE541: 1.1773 | AF541: 0 | AH541: 4.5533074 | AI541: 5.7803259 | AJ541: 0 | AK541: =_xll.SRS1Splines.Functions25.Linear_Interp(V_NK2!$R$10:$R$21,V_NK2!$T$10:$T$21,AR541) -> 51.785114 | AL541: =(AK541/V_NK2!$T$18)*100 -> 72.528171 | AM541: =AK541-V_NK2!$T$11 -> 10.965114 | AN541: =IFERROR((AK541 - V_NK2!$X$12) / (V_NK2!$X$11- V_NK2!$X$12) * 100, 0) -> 35.857143 | AO541: 427 | AP541: 420 | AQ541: 422.59 | AR541: 422.51 | AS541: 1.272 | AT541: 1.4051 | BK541: 2.5278438 | BL541: 2.2541578 | BM541: =BK541-BL541 -> 0.273686 | BN541: =_xll.SRS1Splines.Functions25.Linear_Interp(V_XNN1!$K$3:$K$8,V_XNN1!$L$3:$L$8,BT541) -> 0.210891 | BO541: =(BN541/V_XNN1!$L$7)*100 -> 100.42429 | BP541: =_xll.SRS1Splines.Functions25.Linear_Interp(V_XNN1!$K$3:$K$8,V_XNN1!$M$3:$M$8,BT541) -> 0.054891 | BQ541: =IFERROR((BN541 - V_XNN1!$M$16) / (V_XNN1!$M$15- V_XNN1!$M$16) * 100, 0) -> 75.181058 | BR541: 252 | BS541: 249 | BT541: 252.05 | BU541: 0.312 | BV541: 0.323576
A542: 45101 | Q542: 28.6 | S542: 0.63914211 | T542: 4.7156722 | U542: 0 | V542: =_xll.SRS1Splines.Functions25.Linear_Interp(V_NK3!$P$8:$P$32,V_NK3!$R$8:$R$32,AC542) -> 338.5285 | W542: =(V542/V_NK3!$R$28)*100 -> 62.442181 | X542: =V542-V_NK3!$R$8 -> 281.94985 | Y542: =IFERROR((V542 - V_NK3!$V$10) / (V_NK3!$V$9- V_NK3!$V$10) * 100, 0) -> 58.065928 | Z542: 541.8 | AA542: 521 | AB542: 534.8 | AC542: 535.09 | AD542: 1.03 | AE542: 1.1121868 | AF542: 20.8 | AH542: 4.2475264 | AI542: 5.2196125 | AJ542: 0 | AK542: =_xll.SRS1Splines.Functions25.Linear_Interp(V_NK2!$R$10:$R$21,V_NK2!$T$10:$T$21,AR542) -> 50.824029 | AL542: =(AK542/V_NK2!$T$18)*100 -> 71.182113 | AM542: =AK542-V_NK2!$T$11 -> 10.004029 | AN542: =IFERROR((AK542 - V_NK2!$X$12) / (V_NK2!$X$11- V_NK2!$X$12) * 100, 0) -> 32.714286 | AO542: 427 | AP542: 420 | AQ542: 422.59 | AR542: 422.29 | AS542: 1.272 | AT542: 1.2688 | BK542: 2.6423458 | BL542: 2.2618208 | BM542: =BK542-BL542 -> 0.380525 | BN542: =_xll.SRS1Splines.Functions25.Linear_Interp(V_XNN1!$K$3:$K$8,V_XNN1!$L$3:$L$8,BT542) -> 0.211782 | BO542: =(BN542/V_XNN1!$L$7)*100 -> 100.84857 | BP542: =_xll.SRS1Splines.Functions25.Linear_Interp(V_XNN1!$K$3:$K$8,V_XNN1!$M$3:$M$8,BT542) -> 0.055782 | BQ542: =IFERROR((BN542 - V_XNN1!$M$16) / (V_XNN1!$M$15- V_XNN1!$M$16) * 100, 0) -> 77.938719 | BR542: 252 | BS542: 249 | BT542: 252.1 | BU542: 0.312 | BV542: 0.324676
A543: 45102 | Q543: 0 | S543: -0.097921156 | T543: 3.87728 | U543: 0 | V543: =_xll.SRS1Splines.Functions25.Linear_Interp(V_NK3!$P$8:$P$32,V_NK3!$R$8:$R$32,AC543) -> 334.5533 | W543: =(V543/V_NK3!$R$28)*100 -> 61.708948 | X543: =V543-V_NK3!$R$8 -> 277.97464 | Y543: =IFERROR((V543 - V_NK3!$V$10) / (V_NK3!$V$9- V_NK3!$V$10) * 100, 0) -> 57.247258 | Z543: 541.8 | AA543: 521 | AB543: 534.8 | AC543: 534.96 | AD543: 1.03 | AE543: 0.8812 | AF543: 0 | AH543: 3.5103658 | AI543: 4.2738457 | AJ543: 0 | AK543: =_xll.SRS1Splines.Functions25.Linear_Interp(V_NK2!$R$10:$R$21,V_NK2!$T$10:$T$21,AR543) -> 49.906629 | AL543: =(AK543/V_NK2!$T$18)*100 -> 69.897239 | AM543: =AK543-V_NK2!$T$11 -> 9.0866286 | AN543: =IFERROR((AK543 - V_NK2!$X$12) / (V_NK2!$X$11- V_NK2!$X$12) * 100, 0) -> 29.714286 | AO543: 427 | AP543: 420 | AQ543: 422.59 | AR543: 422.08 | AS543: 1.272 | AT543: 1.0389 | BK543: 2.2938029 | BL543: 2.2176539 | BM543: =BK543-BL543 -> 0.076149 | BN543: =_xll.SRS1Splines.Functions25.Linear_Interp(V_XNN1!$K$3:$K$8,V_XNN1!$L$3:$L$8,BT543) -> 0.21 | BO543: =(BN543/V_XNN1!$L$7)*100 -> 100 | BP543: =_xll.SRS1Splines.Functions25.Linear_Interp(V_XNN1!$K$3:$K$8,V_XNN1!$M$3:$M$8,BT543) -> 0.054 | BQ543: =IFERROR((BN543 - V_XNN1!$M$16) / (V_XNN1!$M$15- V_XNN1!$M$16) * 100, 0) -> 72.423398 | BR543: 252 | BS543: 249 | BT543: 252 | BU543: 0.312 | BV543: 0.318336
A544: 45103 | Q544: 31.4 | S544: 0.88503249 | T544: 2.3262675 | U544: 0 | V544: =_xll.SRS1Splines.Functions25.Linear_Interp(V_NK3!$P$8:$P$32,V_NK3!$R$8:$R$32,AC544) -> 333.11206 | W544: =(V544/V_NK3!$R$28)*100 -> 61.44311 | X544: =V544-V_NK3!$R$8 -> 276.53341 | Y544: =IFERROR((V544 - V_NK3!$V$10) / (V_NK3!$V$9- V_NK3!$V$10) * 100, 0) -> 56.950444 | Z544: 541.8 | AA544: 521 | AB544: 534.8 | AC544: 534.91 | AD544: 1.03 | AE544: 0.52869717 | AF544: 3.2 | AH544: 2.3857015 | AI544: 2.1309578 | AJ544: 0 | AK544: =_xll.SRS1Splines.Functions25.Linear_Interp(V_NK2!$R$10:$R$21,V_NK2!$T$10:$T$21,AR544) -> 50.037686 | AL544: =(AK544/V_NK2!$T$18)*100 -> 70.080792 | AM544: =AK544-V_NK2!$T$11 -> 9.2176857 | AN544: =IFERROR((AK544 - V_NK2!$X$12) / (V_NK2!$X$11- V_NK2!$X$12) * 100, 0) -> 30.142857 | AO544: 427 | AP544: 420 | AQ544: 422.59 | AR544: 422.11 | AS544: 1.272 | AT544: 0.518 | BK544: 2.2311611 | BL544: 2.1550121 | BM544: =BK544-BL544 -> 0.076149 | BN544: =_xll.SRS1Splines.Functions25.Linear_Interp(V_XNN1!$K$3:$K$8,V_XNN1!$L$3:$L$8,BT544) -> 0.2103564 | BO544: =(BN544/V_XNN1!$L$7)*100 -> 100.16971 | BP544: =_xll.SRS1Splines.Functions25.Linear_Interp(V_XNN1!$K$3:$K$8,V_XNN1!$M$3:$M$8,BT544) -> 0.0543564 | BQ544: =IFERROR((BN544 - V_XNN1!$M$16) / (V_XNN1!$M$15- V_XNN1!$M$16) * 100, 0) -> 73.526462 | BR544: 252 | BS544: 249 | BT544: 252.02 | BU544: 0.312 | BV544: 0.309344
A545: 45104 | S545: 1.3295364 | T545: 3.6355125 | U545: 0 | V545: =_xll.SRS1Splines.Functions25.Linear_Interp(V_NK3!$P$8:$P$32,V_NK3!$R$8:$R$32,AC545) -> 330.80609 | W545: =(V545/V_NK3!$R$28)*100 -> 61.017769 | X545: =V545-V_NK3!$R$8 -> 274.22743 | Y545: =IFERROR((V545 - V_NK3!$V$10) / (V_NK3!$V$9- V_NK3!$V$10) * 100, 0) -> 56.475542 | Z545: 541.8 | AA545: 521 | AB545: 534.8 | AC545: 534.83 | AD545: 1.03 | AE545: 0.82625283 | AF545: 0 | AH545: 3.7107082 | AI545: 3.0940027 | AJ545: 0 | AK545: =_xll.SRS1Splines.Functions25.Linear_Interp(V_NK2!$R$10:$R$21,V_NK2!$T$10:$T$21,AR545) -> 50.692971 | AL545: =(AK545/V_NK2!$T$18)*100 -> 70.998559 | AM545: =AK545-V_NK2!$T$11 -> 9.8729714 | AN545: =IFERROR((AK545 - V_NK2!$X$12) / (V_NK2!$X$11- V_NK2!$X$12) * 100, 0) -> 32.285714 | AO545: 427 | AP545: 420 | AQ545: 422.59 | AR545: 422.26 | AS545: 1.272 | AT545: 0.7512 | BK545: 2.2817231 | BL545: 2.2055741 | BM545: =BK545-BL545 -> 0.076149 | BN545: =_xll.SRS1Splines.Functions25.Linear_Interp(V_XNN1!$K$3:$K$8,V_XNN1!$L$3:$L$8,BT545) -> 0.21 | BO545: =(BN545/V_XNN1!$L$7)*100 -> 100 | BP545: =_xll.SRS1Splines.Functions25.Linear_Interp(V_XNN1!$K$3:$K$8,V_XNN1!$M$3:$M$8,BT545) -> 0.054 | BQ545: =IFERROR((BN545 - V_XNN1!$M$16) / (V_XNN1!$M$15- V_XNN1!$M$16) * 100, 0) -> 72.423398 | BR545: 252 | BS545: 249 | BT545: 252 | BU545: 0.312 | BV545: 0.316602
A546: 45105 | S546: 1.146499 | T546: 2.01124 | U546: 0 | V546: =_xll.SRS1Splines.Functions25.Linear_Interp(V_NK3!$P$8:$P$32,V_NK3!$R$8:$R$32,AC546) -> 329.94134 | W546: =(V546/V_NK3!$R$28)*100 -> 60.858266 | X546: =V546-V_NK3!$R$8 -> 273.36269 | Y546: =IFERROR((V546 - V_NK3!$V$10) / (V_NK3!$V$9- V_NK3!$V$10) * 100, 0) -> 56.297454 | Z546: 541.8 | AA546: 521 | AB546: 534.8 | AC546: 534.8 | AD546: 1.03 | AE546: 0.4571 | AH546: 2.1884607 | AI546: 2.1675708 | AJ546: 0 | AK546: =_xll.SRS1Splines.Functions25.Linear_Interp(V_NK2!$R$10:$R$21,V_NK2!$T$10:$T$21,AR546) -> 50.736657 | AL546: =(AK546/V_NK2!$T$18)*100 -> 71.059744 | AM546: =AK546-V_NK2!$T$11 -> 9.9166571 | AN546: =IFERROR((AK546 - V_NK2!$X$12) / (V_NK2!$X$11- V_NK2!$X$12) * 100, 0) -> 32.428571 | AO546: 427 | AP546: 420 | AQ546: 422.59 | AR546: 422.27 | AS546: 1.272 | AT546: 0.5269 | BK546: 2.2392699 | BL546: 2.1631209 | BM546: =BK546-BL546 -> 0.076149 | BN546: =_xll.SRS1Splines.Functions25.Linear_Interp(V_XNN1!$K$3:$K$8,V_XNN1!$L$3:$L$8,BT546) -> 0.21 | BO546: =(BN546/V_XNN1!$L$7)*100 -> 100 | BP546: =_xll.SRS1Splines.Functions25.Linear_Interp(V_XNN1!$K$3:$K$8,V_XNN1!$M$3:$M$8,BT546) -> 0.054 | BQ546: =IFERROR((BN546 - V_XNN1!$M$16) / (V_XNN1!$M$15- V_XNN1!$M$16) * 100, 0) -> 72.423398 | BR546: 252 | BS546: 249 | BT546: 252 | BU546: 0.312 | BV546: 0.310508
A547: 45106 | S547: 1.248579 | T547: 2.11332 | U547: 0 | V547: =_xll.SRS1Splines.Functions25.Linear_Interp(V_NK3!$P$8:$P$32,V_NK3!$R$8:$R$32,AC547) -> 329.0766 | W547: =(V547/V_NK3!$R$28)*100 -> 60.698763 | X547: =V547-V_NK3!$R$8 -> 272.49795 | Y547: =IFERROR((V547 - V_NK3!$V$10) / (V_NK3!$V$9- V_NK3!$V$10) * 100, 0) -> 56.119365 | Z547: 541.8 | AA547: 521 | AB547: 534.8 | AC547: 534.77 | AD547: 1.03 | AE547: 0.4803 | AH547: 2.3140191 | AI547: 1.7417906 | AJ547: 0 | AK547: =_xll.SRS1Splines.Functions25.Linear_Interp(V_NK2!$R$10:$R$21,V_NK2!$T$10:$T$21,AR547) -> 50.998771 | AL547: =(AK547/V_NK2!$T$18)*100 -> 71.426851 | AM547: =AK547-V_NK2!$T$11 -> 10.178771 | AN547: =IFERROR((AK547 - V_NK2!$X$12) / (V_NK2!$X$11- V_NK2!$X$12) * 100, 0) -> 33.285714 | AO547: 427 | AP547: 420 | AQ547: 422.59 | AR547: 422.33 | AS547: 1.272 | AT547: 0.4234 | BK547: 2.3981594 | BL547: 2.3220104 | BM547: =BK547-BL547 -> 0.076149 | BN547: =_xll.SRS1Splines.Functions25.Linear_Interp(V_XNN1!$K$3:$K$8,V_XNN1!$L$3:$L$8,BT547) -> 0.21 | BO547: =(BN547/V_XNN1!$L$7)*100 -> 100 | BP547: =_xll.SRS1Splines.Functions25.Linear_Interp(V_XNN1!$K$3:$K$8,V_XNN1!$M$3:$M$8,BT547) -> 0.054 | BQ547: =IFERROR((BN547 - V_XNN1!$M$16) / (V_XNN1!$M$15- V_XNN1!$M$16) * 100, 0) -> 72.423398 | BR547: 252 | BS547: 249 | BT547: 252 | BU547: 0.312 | BV547: 0.333316
A548: 45107 | S548: 1.8977824 | T548: 5.4720453 | U548: 0 | V548: =_xll.SRS1Splines.Functions25.Linear_Interp(V_NK3!$P$8:$P$32,V_NK3!$R$8:$R$32,AC548) -> 325.50234 | W548: =(V548/V_NK3!$R$28)*100 -> 60.039483 | X548: =V548-V_NK3!$R$8 -> 268.92369 | Y548: =IFERROR((V548 - V_NK3!$V$10) / (V_NK3!$V$9- V_NK3!$V$10) * 100, 0) -> 55.383267 | Z548: 541.8 | AA548: 521 | AB548: 534.8 | AC548: 534.646 | AD548: 1.19 | AE548: 1.2436467 | AH548: 5.551109 | AI548: 4.1294507 | AJ548: 0 | AK548: =_xll.SRS1Splines.Functions25.Linear_Interp(V_NK2!$R$10:$R$21,V_NK2!$T$10:$T$21,AR548) -> 52.1346 | AL548: =(AK548/V_NK2!$T$18)*100 -> 73.017647 | AM548: =AK548-V_NK2!$T$11 -> 11.3146 | AN548: =IFERROR((AK548 - V_NK2!$X$12) / (V_NK2!$X$11- V_NK2!$X$12) * 100, 0) -> 37 | AO548: 427 | AP548: 420 | AQ548: 422.59 | AR548: 422.59 | AS548: 1.272 | AT548: 1.0038 | BK548: 2.4306925 | BL548: 2.3545435 | BM548: =BK548-BL548 -> 0.076149 | BN548: =_xll.SRS1Splines.Functions25.Linear_Interp(V_XNN1!$K$3:$K$8,V_XNN1!$L$3:$L$8,BT548) -> 0.211782 | BO548: =(BN548/V_XNN1!$L$7)*100 -> 100.84857 | BP548: =_xll.SRS1Splines.Functions25.Linear_Interp(V_XNN1!$K$3:$K$8,V_XNN1!$M$3:$M$8,BT548) -> 0.055782 | BQ548: =IFERROR((BN548 - V_XNN1!$M$16) / (V_XNN1!$M$15- V_XNN1!$M$16) * 100, 0) -> 77.938719 | BR548: 252 | BS548: 249 | BT548: 252.1 | BU548: 0.312 | BV548: 0.337986
A549: 45108 | Q549: 15 | S549: 0.84209137 | T549: 5.30992 | U549: 0 | V549: =_xll.SRS1Splines.Functions25.Linear_Interp(V_NK3!$P$8:$P$32,V_NK3!$R$8:$R$32,AC549) -> 321.03451 | W549: =(V549/V_NK3!$R$28)*100 -> 59.215384 | X549: =V549-V_NK3!$R$8 -> 264.45586 | Y549: =IFERROR((V549 - V_NK3!$V$10) / (V_NK3!$V$9- V_NK3!$V$10) * 100, 0) -> 54.463143 | Z549: 541.8 | AA549: 521 | AB549: 534.73 | AC549: 534.491 | AD549: 1.19 | AE549: 1.2068 | AF549: 6.2 | AH549: 5.0568182 | AI549: 4.7086763 | AJ549: 0 | AK549: =_xll.SRS1Splines.Functions25.Linear_Interp(V_NK2!$R$10:$R$21,V_NK2!$T$10:$T$21,AR549) -> 52.265657 | AL549: =(AK549/V_NK2!$T$18)*100 -> 73.2012 | AM549: =AK549-V_NK2!$T$11 -> 11.445657 | AN549: =IFERROR((AK549 - V_NK2!$X$12) / (V_NK2!$X$11- V_NK2!$X$12) * 100, 0) -> 37.428571 | AO549: 427 | AP549: 420 | AQ549: 425 | AR549: 422.62 | AS549: 1.4032258 | AT549: 1.1461 | BK549: 4.3722868 | BL549: 2.3792185 | BM549: =BK549-BL549 -> 1.9930683 | BN549: =_xll.SRS1Splines.Functions25.Linear_Interp(V_XNN1!$K$3:$K$8,V_XNN1!$L$3:$L$8,BT549) -> 0.211782 | BO549: =(BN549/V_XNN1!$L$7)*100 -> 100.84857 | BP549: =_xll.SRS1Splines.Functions25.Linear_Interp(V_XNN1!$K$3:$K$8,V_XNN1!$M$3:$M$8,BT549) -> 0.055782 | BQ549: =IFERROR((BN549 - V_XNN1!$M$16) / (V_XNN1!$M$15- V_XNN1!$M$16) * 100, 0) -> 77.938719 | BR549: 252 | BS549: 249 | BT549: 252.1 | BU549: 0.312 | BV549: 0.341528
A550: 45109 | Q550: 13.8 | S550: 1.0180805 | T550: 2.315192 | U550: 0 | V550: =_xll.SRS1Splines.Functions25.Linear_Interp(V_NK3!$P$8:$P$32,V_NK3!$R$8:$R$32,AC550) -> 319.7374 | W550: =(V550/V_NK3!$R$28)*100 -> 58.97613 | X550: =V550-V_NK3!$R$8 -> 263.15875 | Y550: =IFERROR((V550 - V_NK3!$V$10) / (V_NK3!$V$9- V_NK3!$V$10) * 100, 0) -> 54.196011 | Z550: 541.8 | AA550: 521 | AB550: 534.73 | AC550: 534.446 | AD550: 1.19 | AE550: 0.52618 | AF550: 5.8 | AH550: 2.4196394 | AI550: 1.7792264 | AJ550: 0 | AK550: =_xll.SRS1Splines.Functions25.Linear_Interp(V_NK2!$R$10:$R$21,V_NK2!$T$10:$T$21,AR550) -> 53.226743 | AL550: =(AK550/V_NK2!$T$18)*100 -> 74.547259 | AM550: =AK550-V_NK2!$T$11 -> 12.406743 | AN550: =IFERROR((AK550 - V_NK2!$X$12) / (V_NK2!$X$11- V_NK2!$X$12) * 100, 0) -> 40.571429 | AO550: 427 | AP550: 420 | AQ550: 425 | AR550: 422.84 | AS550: 1.4032258 | AT550: 0.4325 | BK550: 4.2917223 | BL550: 2.3353859 | BM550: =BK550-BL550 -> 1.9563363 | BN550: =_xll.SRS1Splines.Functions25.Linear_Interp(V_XNN1!$K$3:$K$8,V_XNN1!$L$3:$L$8,BT550) -> 0.211782 | BO550: =(BN550/V_XNN1!$L$7)*100 -> 100.84857 | BP550: =_xll.SRS1Splines.Functions25.Linear_Interp(V_XNN1!$K$3:$K$8,V_XNN1!$M$3:$M$8,BT550) -> 0.055782 | BQ550: =IFERROR((BN550 - V_XNN1!$M$16) / (V_XNN1!$M$15- V_XNN1!$M$16) * 100, 0) -> 77.938719 | BR550: 252 | BS550: 249 | BT550: 252.1 | BU550: 0.312 | BV550: 0.335236
A551: 45110 | Q551: 5.6 | S551: 1.0768483 | T551: 1.39392 | U551: 0 | V551: =_xll.SRS1Splines.Functions25.Linear_Interp(V_NK3!$P$8:$P$32,V_NK3!$R$8:$R$32,AC551) -> 319.42033 | W551: =(V551/V_NK3!$R$28)*100 -> 58.917646 | X551: =V551-V_NK3!$R$8 -> 262.84168 | Y551: =IFERROR((V551 - V_NK3!$V$10) / (V_NK3!$V$9- V_NK3!$V$10) * 100, 0) -> 54.130712 | Z551: 541.8 | AA551: 521 | AB551: 534.73 | AC551: 534.435 | AD551: 1.19 | AE551: 0.3168 | AF551: 11 | AH551: 1.6098879 | AI551: 1.1613309 | AJ551: 0 | AK551: =_xll.SRS1Splines.Functions25.Linear_Interp(V_NK2!$R$10:$R$21,V_NK2!$T$10:$T$21,AR551) -> 53.532543 | AL551: =(AK551/V_NK2!$T$18)*100 -> 74.97555 | AM551: =AK551-V_NK2!$T$11 -> 12.712543 | AN551: =IFERROR((AK551 - V_NK2!$X$12) / (V_NK2!$X$11- V_NK2!$X$12) * 100, 0) -> 41.571429 | AO551: 427 | AP551: 420 | AQ551: 425 | AR551: 422.91 | AS551: 1.4032258 | AT551: 0.2823 | BK551: 4.3060886 | BL551: 2.3432022 | BM551: =BK551-BL551 -> 1.9628863 | BN551: =_xll.SRS1Splines.Functions25.Linear_Interp(V_XNN1!$K$3:$K$8,V_XNN1!$L$3:$L$8,BT551) -> 0.211782 | BO551: =(BN551/V_XNN1!$L$7)*100 -> 100.84857 | BP551: =_xll.SRS1Splines.Functions25.Linear_Interp(V_XNN1!$K$3:$K$8,V_XNN1!$M$3:$M$8,BT551) -> 0.055782 | BQ551: =IFERROR((BN551 - V_XNN1!$M$16) / (V_XNN1!$M$15- V_XNN1!$M$16) * 100, 0) -> 77.938719 | BR551: 252 | BS551: 249 | BT551: 252.1 | BU551: 0.312 | BV551: 0.336358
A552: 45111 | Q552: 2 | S552: 0.63281026 | T552: 5.47536 | U552: 0 | V552: =_xll.SRS1Splines.Functions25.Linear_Interp(V_NK3!$P$8:$P$32,V_NK3!$R$8:$R$32,AC552) -> 314.57778 | W552: =(V552/V_NK3!$R$28)*100 -> 58.024429 | X552: =V552-V_NK3!$R$8 -> 257.99913 | Y552: =IFERROR((V552 - V_NK3!$V$10) / (V_NK3!$V$9- V_NK3!$V$10) * 100, 0) -> 53.133417 | Z552: 541.8 | AA552: 521 | AB552: 534.73 | AC552: 534.267 | AD552: 1.19 | AE552: 1.2444 | AF552: 1.4 | AH552: 5.1366514 | AI552: 4.2216002 | AJ552: 0 | AK552: =_xll.SRS1Splines.Functions25.Linear_Interp(V_NK2!$R$10:$R$21,V_NK2!$T$10:$T$21,AR552) -> 54.493629 | AL552: =(AK552/V_NK2!$T$18)*100 -> 76.321609 | AM552: =AK552-V_NK2!$T$11 -> 13.673629 | AN552: =IFERROR((AK552 - V_NK2!$X$12) / (V_NK2!$X$11- V_NK2!$X$12) * 100, 0) -> 44.714286 | AO552: 427 | AP552: 420 | AQ552: 425 | AR552: 423.13 | AS552: 1.4032258 | AT552: 1.0262 | BK552: 4.3129423 | BL552: 2.3469223 | BM552: =BK552-BL552 -> 1.96602 | BN552: =_xll.SRS1Splines.Functions25.Linear_Interp(V_XNN1!$K$3:$K$8,V_XNN1!$L$3:$L$8,BT552) -> 0.2121384 | BO552: =(BN552/V_XNN1!$L$7)*100 -> 101.01829 | BP552: =_xll.SRS1Splines.Functions25.Linear_Interp(V_XNN1!$K$3:$K$8,V_XNN1!$M$3:$M$8,BT552) -> 0.0561384 | BQ552: =IFERROR((BN552 - V_XNN1!$M$16) / (V_XNN1!$M$15- V_XNN1!$M$16) * 100, 0) -> 79.041783 | BR552: 252 | BS552: 249 | BT552: 252.12 | BU552: 0.312 | BV552: 0.336892
A553: 45112 | Q553: 0 | S553: 0.60168105 | T553: 5.7901272 | U553: 0 | V553: =_xll.SRS1Splines.Functions25.Linear_Interp(V_NK3!$P$8:$P$32,V_NK3!$R$8:$R$32,AC553) -> 309.38933 | W553: =(V553/V_NK3!$R$28)*100 -> 57.067411 | X553: =V553-V_NK3!$R$8 -> 252.81068 | Y553: =IFERROR((V553 - V_NK3!$V$10) / (V_NK3!$V$9- V_NK3!$V$10) * 100, 0) -> 52.064886 | Z553: 541.8 | AA553: 521 | AB553: 534.73 | AC553: 534.087 | AD553: 1.19 | AE553: 1.315938 | AF553: 0 | AH553: 5.4096692 | AI553: 5.046503 | AJ553: 0 | AK553: =_xll.SRS1Splines.Functions25.Linear_Interp(V_NK2!$R$10:$R$21,V_NK2!$T$10:$T$21,AR553) -> 54.843114 | AL553: =(AK553/V_NK2!$T$18)*100 -> 76.811084 | AM553: =AK553-V_NK2!$T$11 -> 14.023114 | AN553: =IFERROR((AK553 - V_NK2!$X$12) / (V_NK2!$X$11- V_NK2!$X$12) * 100, 0) -> 45.857143 | AO553: 427 | AP553: 420 | AQ553: 425 | AR553: 423.21 | AS553: 1.4032258 | AT553: 1.22672 | BK553: 4.3443158 | BL553: 2.3639551 | BM553: =BK553-BL553 -> 1.9803607 | BN553: =_xll.SRS1Splines.Functions25.Linear_Interp(V_XNN1!$K$3:$K$8,V_XNN1!$L$3:$L$8,BT553) -> 0.213564 | BO553: =(BN553/V_XNN1!$L$7)*100 -> 101.69714 | BP553: =_xll.SRS1Splines.Functions25.Linear_Interp(V_XNN1!$K$3:$K$8,V_XNN1!$M$3:$M$8,BT553) -> 0.057564 | BQ553: =IFERROR((BN553 - V_XNN1!$M$16) / (V_XNN1!$M$15- V_XNN1!$M$16) * 100, 0) -> 83.454039 | BR553: 252 | BS553: 249 | BT553: 252.2 | BU553: 0.312 | BV553: 0.339337
A554: 45113 | Q554: 2 | S554: 0.59932808 | T554: 5.81856 | U554: 0 | V554: =_xll.SRS1Splines.Functions25.Linear_Interp(V_NK3!$P$8:$P$32,V_NK3!$R$8:$R$32,AC554) -> 304.1701 | W554: =(V554/V_NK3!$R$28)*100 -> 56.104714 | X554: =V554-V_NK3!$R$8 -> 247.59145 | Y554: =IFERROR((V554 - V_NK3!$V$10) / (V_NK3!$V$9- V_NK3!$V$10) * 100, 0) -> 50.990016 | Z554: 541.8 | AA554: 521 | AB554: 534.73 | AC554: 533.902 | AD554: 1.19 | AE554: 1.3224 | AF554: 2 | AH554: 5.4344823 | AI554: 5.8251665 | AJ554: 0 | AK554: =_xll.SRS1Splines.Functions25.Linear_Interp(V_NK2!$R$10:$R$21,V_NK2!$T$10:$T$21,AR554) -> 54.406257 | AL554: =(AK554/V_NK2!$T$18)*100 -> 76.19924 | AM554: =AK554-V_NK2!$T$11 -> 13.586257 | AN554: =IFERROR((AK554 - V_NK2!$X$12) / (V_NK2!$X$11- V_NK2!$X$12) * 100, 0) -> 44.428571 | AO554: 427 | AP554: 420 | AQ554: 425 | AR554: 423.11 | AS554: 1.4032258 | AT554: 1.43514 | BK554: 4.3461302 | BL554: 2.3649652 | BM554: =BK554-BL554 -> 1.981165 | BN554: =_xll.SRS1Splines.Functions25.Linear_Interp(V_XNN1!$K$3:$K$8,V_XNN1!$L$3:$L$8,BT554) -> 0.212673 | BO554: =(BN554/V_XNN1!$L$7)*100 -> 101.27286 | BP554: =_xll.SRS1Splines.Functions25.Linear_Interp(V_XNN1!$K$3:$K$8,V_XNN1!$M$3:$M$8,BT554) -> 0.056673 | BQ554: =IFERROR((BN554 - V_XNN1!$M$16) / (V_XNN1!$M$15- V_XNN1!$M$16) * 100, 0) -> 80.696379 | BR554: 252 | BS554: 249 | BT554: 252.15 | BU554: 0.312 | BV554: 0.339482
A555: 45114 | Q555: 4.2 | S555: 0.77259532 | T555: 5.44852 | U555: 0 | V555: =_xll.SRS1Splines.Functions25.Linear_Interp(V_NK3!$P$8:$P$32,V_NK3!$R$8:$R$32,AC555) -> 299.49418 | W555: =(V555/V_NK3!$R$28)*100 -> 55.242231 | X555: =V555-V_NK3!$R$8 -> 242.91552 | Y555: =IFERROR((V555 - V_NK3!$V$10) / (V_NK3!$V$9- V_NK3!$V$10) * 100, 0) -> 50.027037 | Z555: 541.8 | AA555: 521 | AB555: 534.73 | AC555: 533.733 | AD555: 1.19 | AE555: 1.2383 | AF555: 0.8 | AH555: 5.1586245 | AI555: 5.1669556 | AJ555: 0 | AK555: =_xll.SRS1Splines.Functions25.Linear_Interp(V_NK2!$R$10:$R$21,V_NK2!$T$10:$T$21,AR555) -> 54.624686 | AL555: =(AK555/V_NK2!$T$18)*100 -> 76.505162 | AM555: =AK555-V_NK2!$T$11 -> 13.804686 | AN555: =IFERROR((AK555 - V_NK2!$X$12) / (V_NK2!$X$11- V_NK2!$X$12) * 100, 0) -> 45.142857 | AO555: 427 | AP555: 420 | AQ555: 425 | AR555: 423.16 | AS555: 1.4032258 | AT555: 1.256 | BK555: 4.3287261 | BL555: 2.3555188 | BM555: =BK555-BL555 -> 1.9732073 | BN555: =_xll.SRS1Splines.Functions25.Linear_Interp(V_XNN1!$K$3:$K$8,V_XNN1!$L$3:$L$8,BT555) -> 0.211782 | BO555: =(BN555/V_XNN1!$L$7)*100 -> 100.84857 | BP555: =_xll.SRS1Splines.Functions25.Linear_Interp(V_XNN1!$K$3:$K$8,V_XNN1!$M$3:$M$8,BT555) -> 0.055782 | BQ555: =IFERROR((BN555 - V_XNN1!$M$16) / (V_XNN1!$M$15- V_XNN1!$M$16) * 100, 0) -> 77.938719 | BR555: 252 | BS555: 249 | BT555: 252.1 | BU555: 0.312 | BV555: 0.338126
A556: 45115 | Q556: 0.2 | S556: 0.80468906 | T556: 5.2316 | U556: 0 | V556: =_xll.SRS1Splines.Functions25.Linear_Interp(V_NK3!$P$8:$P$32,V_NK3!$R$8:$R$32,AC556) -> 295.06727 | W556: =(V556/V_NK3!$R$28)*100 -> 54.42568 | X556: =V556-V_NK3!$R$8 -> 238.48861 | Y556: =IFERROR((V556 - V_NK3!$V$10) / (V_NK3!$V$9- V_NK3!$V$10) * 100, 0) -> 49.11534 | Z556: 541.8 | AA556: 521 | AB556: 534.73 | AC556: 533.573 | AD556: 1.19 | AE556: 1.189 | AF556: 0.2 | AH556: 4.9739874 | AI556: 4.3030538 | AJ556: 0 | AK556: =_xll.SRS1Splines.Functions25.Linear_Interp(V_NK2!$R$10:$R$21,V_NK2!$T$10:$T$21,AR556) -> 55.323657 | AL556: =(AK556/V_NK2!$T$18)*100 -> 77.484114 | AM556: =AK556-V_NK2!$T$11 -> 14.503657 | AN556: =IFERROR((AK556 - V_NK2!$X$12) / (V_NK2!$X$11- V_NK2!$X$12) * 100, 0) -> 47.428571 | AO556: 427 | AP556: 420 | AQ556: 425 | AR556: 423.32 | AS556: 1.4032258 | AT556: 1.046 | BK556: 4.2471641 | BL556: 2.3111707 | BM556: =BK556-BL556 -> 1.9359933 | BN556: =_xll.SRS1Splines.Functions25.Linear_Interp(V_XNN1!$K$3:$K$8,V_XNN1!$L$3:$L$8,BT556) -> 0.2107128 | BO556: =(BN556/V_XNN1!$L$7)*100 -> 100.33943 | BP556: =_xll.SRS1Splines.Functions25.Linear_Interp(V_XNN1!$K$3:$K$8,V_XNN1!$M$3:$M$8,BT556) -> 0.0547128 | BQ556: =IFERROR((BN556 - V_XNN1!$M$16) / (V_XNN1!$M$15- V_XNN1!$M$16) * 100, 0) -> 74.629526 | BR556: 252 | BS556: 249 | BT556: 252.04 | BU556: 0.312 | BV556: 0.33176
A557: 45116 | Q557: 48.2 | S557: 2.485511 | T557: 4.33928 | U557: 0 | V557: =_xll.SRS1Splines.Functions25.Linear_Interp(V_NK3!$P$8:$P$32,V_NK3!$R$8:$R$32,AC557) -> 293.2135 | W557: =(V557/V_NK3!$R$28)*100 -> 54.083749 | X557: =V557-V_NK3!$R$8 -> 236.63484 | Y557: =IFERROR((V557 - V_NK3!$V$10) / (V_NK3!$V$9- V_NK3!$V$10) * 100, 0) -> 48.733567 | Z557: 541.8 | AA557: 521 | AB557: 534.73 | AC557: 533.506 | AD557: 1.19 | AE557: 0.9862 | AF557: 32.4 | AH557: 4.7255706 | AI557: 4.4128928 | AJ557: 0 | AK557: =_xll.SRS1Splines.Functions25.Linear_Interp(V_NK2!$R$10:$R$21,V_NK2!$T$10:$T$21,AR557) -> 56.153686 | AL557: =(AK557/V_NK2!$T$18)*100 -> 78.646619 | AM557: =AK557-V_NK2!$T$11 -> 15.333686 | AN557: =IFERROR((AK557 - V_NK2!$X$12) / (V_NK2!$X$11- V_NK2!$X$12) * 100, 0) -> 50.142857 | AO557: 427 | AP557: 420 | AQ557: 425 | AR557: 423.51 | AS557: 1.4032258 | AT557: 1.0727 | BK557: 4.2985638 | BL557: 2.3390642 | BM557: =BK557-BL557 -> 1.9594997 | BN557: =_xll.SRS1Splines.Functions25.Linear_Interp(V_XNN1!$K$3:$K$8,V_XNN1!$L$3:$L$8,BT557) -> 0.213564 | BO557: =(BN557/V_XNN1!$L$7)*100 -> 101.69714 | BP557: =_xll.SRS1Splines.Functions25.Linear_Interp(V_XNN1!$K$3:$K$8,V_XNN1!$M$3:$M$8,BT557) -> 0.057564 | BQ557: =IFERROR((BN557 - V_XNN1!$M$16) / (V_XNN1!$M$15- V_XNN1!$M$16) * 100, 0) -> 83.454039 | BR557: 252 | BS557: 249 | BT557: 252.2 | BU557: 0.312 | BV557: 0.335764
A558: 45117 | Q558: 1.6 | S558: 3.1109249 | T558: 5.269044 | U558: 0 | V558: =_xll.SRS1Splines.Functions25.Linear_Interp(V_NK3!$P$8:$P$32,V_NK3!$R$8:$R$32,AC558) -> 291.05538 | W558: =(V558/V_NK3!$R$28)*100 -> 53.68568 | X558: =V558-V_NK3!$R$8 -> 234.47673 | Y558: =IFERROR((V558 - V_NK3!$V$10) / (V_NK3!$V$9- V_NK3!$V$10) * 100, 0) -> 48.289115 | Z558: 541.8 | AA558: 521 | AB558: 534.73 | AC558: 533.428 | AD558: 1.19 | AE558: 1.19751 | AF558: 2.6 | AH558: 5.7687448 | AI558: 5.8416218 | AJ558: 0 | AK558: =_xll.SRS1Splines.Functions25.Linear_Interp(V_NK2!$R$10:$R$21,V_NK2!$T$10:$T$21,AR558) -> 55.891571 | AL558: =(AK558/V_NK2!$T$18)*100 -> 78.279512 | AM558: =AK558-V_NK2!$T$11 -> 15.071571 | AN558: =IFERROR((AK558 - V_NK2!$X$12) / (V_NK2!$X$11- V_NK2!$X$12) * 100, 0) -> 49.285714 | AO558: 427 | AP558: 420 | AQ558: 425 | AR558: 423.45 | AS558: 1.4032258 | AT558: 1.42 | BK558: 4.3469942 | BL558: 2.3874945 | BM558: =BK558-BL558 -> 1.9594997 | BN558: =_xll.SRS1Splines.Functions25.Linear_Interp(V_XNN1!$K$3:$K$8,V_XNN1!$L$3:$L$8,BT558) -> 0.213564 | BO558: =(BN558/V_XNN1!$L$7)*100 -> 101.69714 | BP558: =_xll.SRS1Splines.Functions25.Linear_Interp(V_XNN1!$K$3:$K$8,V_XNN1!$M$3:$M$8,BT558) -> 0.057564 | BQ558: =IFERROR((BN558 - V_XNN1!$M$16) / (V_XNN1!$M$15- V_XNN1!$M$16) * 100, 0) -> 83.454039 | BR558: 252 | BS558: 249 | BT558: 252.2 | BU558: 0.312 | BV558: 0.342716
A559: 45118 | Q559: 0.2 | S559: 1.3843795 | T559: 5.3409312 | U559: 0 | V559: =_xll.SRS1Splines.Functions25.Linear_Interp(V_NK3!$P$8:$P$32,V_NK3!$R$8:$R$32,AC559) -> 287.09883 | W559: =(V559/V_NK3!$R$28)*100 -> 52.955887 | X559: =V559-V_NK3!$R$8 -> 230.52017 | Y559: =IFERROR((V559 - V_NK3!$V$10) / (V_NK3!$V$9- V_NK3!$V$10) * 100, 0) -> 47.474286 | Z559: 541.8 | AA559: 521 | AB559: 534.73 | AC559: 533.285 | AD559: 1.19 | AE559: 1.213848 | AF559: 0.2 | AH559: 5.2636833 | AI559: 5.2965409 | AJ559: 0 | AK559: =_xll.SRS1Splines.Functions25.Linear_Interp(V_NK2!$R$10:$R$21,V_NK2!$T$10:$T$21,AR559) -> 55.8042 | AL559: =(AK559/V_NK2!$T$18)*100 -> 78.157143 | AM559: =AK559-V_NK2!$T$11 -> 14.9842 | AN559: =IFERROR((AK559 - V_NK2!$X$12) / (V_NK2!$X$11- V_NK2!$X$12) * 100, 0) -> 49 | AO559: 427 | AP559: 420 | AQ559: 425 | AR559: 423.43 | AS559: 1.4032258 | AT559: 1.28754 | BK559: 4.3558505 | BL559: 2.3702318 | BM559: =BK559-BL559 -> 1.9856187 | BN559: =_xll.SRS1Splines.Functions25.Linear_Interp(V_XNN1!$K$3:$K$8,V_XNN1!$L$3:$L$8,BT559) -> 0.213564 | BO559: =(BN559/V_XNN1!$L$7)*100 -> 101.69714 | BP559: =_xll.SRS1Splines.Functions25.Linear_Interp(V_XNN1!$K$3:$K$8,V_XNN1!$M$3:$M$8,BT559) -> 0.057564 | BQ559: =IFERROR((BN559 - V_XNN1!$M$16) / (V_XNN1!$M$15- V_XNN1!$M$16) * 100, 0) -> 83.454039 | BR559: 252 | BS559: 249 | BT559: 252.2 | BU559: 0.312 | BV559: 0.340238
A560: 45119 | Q560: 0 | S560: 1.1021809 | T560: 5.55676 | U560: 0 | V560: =_xll.SRS1Splines.Functions25.Linear_Interp(V_NK3!$P$8:$P$32,V_NK3!$R$8:$R$32,AC560) -> 282.64425 | W560: =(V560/V_NK3!$R$28)*100 -> 52.134232 | X560: =V560-V_NK3!$R$8 -> 226.06559 | Y560: =IFERROR((V560 - V_NK3!$V$10) / (V_NK3!$V$9- V_NK3!$V$10) * 100, 0) -> 46.556892 | Z560: 541.8 | AA560: 521 | AB560: 534.73 | AC560: 533.124 | AD560: 1.19 | AE560: 1.2629 | AF560: 2.4 | AH560: 5.3648037 | AI560: 5.4919473 | AJ560: 0 | AK560: =_xll.SRS1Splines.Functions25.Linear_Interp(V_NK2!$R$10:$R$21,V_NK2!$T$10:$T$21,AR560) -> 55.760514 | AL560: =(AK560/V_NK2!$T$18)*100 -> 78.095958 | AM560: =AK560-V_NK2!$T$11 -> 14.940514 | AN560: =IFERROR((AK560 - V_NK2!$X$12) / (V_NK2!$X$11- V_NK2!$X$12) * 100, 0) -> 48.857143 | AO560: 427 | AP560: 420 | AQ560: 425 | AR560: 423.42 | AS560: 1.4032258 | AT560: 1.335 | BK560: 4.3732215 | BL560: 2.3798315 | BM560: =BK560-BL560 -> 1.99339 | BN560: =_xll.SRS1Splines.Functions25.Linear_Interp(V_XNN1!$K$3:$K$8,V_XNN1!$L$3:$L$8,BT560) -> 0.2132076 | BO560: =(BN560/V_XNN1!$L$7)*100 -> 101.52743 | BP560: =_xll.SRS1Splines.Functions25.Linear_Interp(V_XNN1!$K$3:$K$8,V_XNN1!$M$3:$M$8,BT560) -> 0.0572076 | BQ560: =IFERROR((BN560 - V_XNN1!$M$16) / (V_XNN1!$M$15- V_XNN1!$M$16) * 100, 0) -> 82.350975 | BR560: 252 | BS560: 249 | BT560: 252.18 | BU560: 0.312 | BV560: 0.341616
... A732: 45291 | Q732: 0 | S732: 0.78380165 | T732: 0 | U732: 0 | V732: =_xll.SRS1Splines.Functions25.Linear_Interp(V_NK3!$P$8:$P$32,V_NK3!$R$8:$R$32,AC732) -> 560.17458 | W732: =(V732/V_NK3!$R$28)*100 -> 103.32519 | X732: =V732-V_NK3!$R$8 -> 503.59592 | Y732: =IFERROR((V732 - V_NK3!$V$10) / (V_NK3!$V$9- V_NK3!$V$10) * 100, 0) -> 103.71265 | Z732: 541.8 | AA732: 521 | AB732: 539.21 | AC732: 541.46 | AD732: 0.4 | AE732: 0 | AF732: 0 | AH732: 0.25865455 | AI732: 0 | AJ732: 0 | AK732: =_xll.SRS1Splines.Functions25.Linear_Interp(V_NK2!$R$10:$R$21,V_NK2!$T$10:$T$21,AR732) -> 67.162486 | AL732: =(AK732/V_NK2!$T$18)*100 -> 94.065106 | AM732: =AK732-V_NK2!$T$11 -> 26.342486 | AN732: =IFERROR((AK732 - V_NK2!$X$12) / (V_NK2!$X$11- V_NK2!$X$12) * 100, 0) -> 86.142857 | AO732: 427 | AP732: 420 | AQ732: 425.39 | AR732: 426.03 | AS732: 0.49354839 | AT732: 0 | BK732: 0.69018 | BL732: 0.70224034 | BM732: =BK732-BL732 -> -0.012060341 | BN732: =_xll.SRS1Splines.Functions25.Linear_Interp(V_XNN1!$K$3:$K$8,V_XNN1!$L$3:$L$8,BT732) -> 0.1893 | BO732: =(BN732/V_XNN1!$L$7)*100 -> 90.142857 | BP732: =_xll.SRS1Splines.Functions25.Linear_Interp(V_XNN1!$K$3:$K$8,V_XNN1!$M$3:$M$8,BT732) -> 0.0333 | BQ732: =IFERROR((BN732 - V_XNN1!$M$16) / (V_XNN1!$M$15- V_XNN1!$M$16) * 100, 0) -> 8.356546 | BR732: 252 | BS732: 249 | BT732: 250.85 | BU732: 0.096 | BV732: 0.070928
A733: 45292 | Q733: 0 | S733: 0.78380165 | T733: 0 | U733: 0 | V733: =_xll.SRS1Splines.Functions25.Linear_Interp(V_NK3!$P$8:$P$32,V_NK3!$R$8:$R$32,AC733) -> 560.95838 | W733: =(V733/V_NK3!$R$28)*100 -> 103.46977 | X733: =V733-V_NK3!$R$8 -> 504.37973 | Y733: =IFERROR((V733 - V_NK3!$V$10) / (V_NK3!$V$9- V_NK3!$V$10) * 100, 0) -> 103.87407 | Z733: 541.8 | AA733: 521 | AB733: 539.21 | AC733: 541.48 | AD733: 0.36 | AE733: 0 | AF733: 0 | AH733: 0.25865455 | AI733: 0 | AK733: =_xll.SRS1Splines.Functions25.Linear_Interp(V_NK2!$R$10:$R$21,V_NK2!$T$10:$T$21,AR733) -> 67.293543 | AL733: =(AK733/V_NK2!$T$18)*100 -> 94.248659 | AM733: =AK733-V_NK2!$T$11 -> 26.473543 | AN733: =IFERROR((AK733 - V_NK2!$X$12) / (V_NK2!$X$11- V_NK2!$X$12) * 100, 0) -> 86.571429 | AO733: 427 | AP733: 420 | AQ733: 425.94 | AR733: 426.06 | AS733: 0.43 | AT733: 0 | AW733: 2.9705387 | AX733: 3.0909091 | AZ733: =_xll.SRS1Splines.Functions25.Linear_Interp(V_NNG3A!$H$4:$H$12,V_NNG3A!$I$4:$I$12,BF733) -> 13.1584 | BA733: =(AZ733/V_NNG3A!$I$8)*100 -> 95.006498 | BB733: =_xll.SRS1Splines.Functions25.Linear_Interp(V_NNG3A!$H$4:$H$12,V_NNG3A!$J$4:$J$12,BF733) -> 2.1708138 | BC733: =IFERROR((AZ733-V_NNG3A!$J$20) / (V_NNG3A!$J$19-V_NNG3A!$J$20) * 100, 0) -> 75.838574 | BD733: 1050 | BE733: 1047 | BF733: 1049.44 | BG733: 0.0864 | BH733: 0.09128 | BK733: 0.48375909 | BL733: 0.48879909 | BM733: =BK733-BL733 -> -0.00504 | BN733: =_xll.SRS1Splines.Functions25.Linear_Interp(V_XNN1!$K$3:$K$8,V_XNN1!$L$3:$L$8,BT733) -> 0.19308 | BO733: =(BN733/V_XNN1!$L$7)*100 -> 91.942857 | BP733: =_xll.SRS1Splines.Functions25.Linear_Interp(V_XNN1!$K$3:$K$8,V_XNN1!$M$3:$M$8,BT733) -> 0.03708 | BQ733: =IFERROR((BN733 - V_XNN1!$M$16) / (V_XNN1!$M$15- V_XNN1!$M$16) * 100, 0) -> 20.05571 | BR733: 252 | BS733: 249 | BT733: 251.06 | BU733: 96 | BV733: 100.804
A734: 45293 | Q734: 0 | S734: 0.92717165 | T734: 0.14337 | U734: 0 | V734: =_xll.SRS1Splines.Functions25.Linear_Interp(V_NK3!$P$8:$P$32,V_NK3!$R$8:$R$32,AC734) -> 561.74218 | W734: =(V734/V_NK3!$R$28)*100 -> 103.61434 | X734: =V734-V_NK3!$R$8 -> 505.16353 | Y734: =IFERROR((V734 - V_NK3!$V$10) / (V_NK3!$V$9- V_NK3!$V$10) * 100, 0) -> 104.03548 | Z734: 541.8 | AA734: 521 | AB734: 539.21 | AC734: 541.5 | AD734: 0.36 | AE734: 0.0354 | AF734: 0 | AH734: 0.43499965 | AI734: 0.17613624 | AK734: =_xll.SRS1Splines.Functions25.Linear_Interp(V_NK2!$R$10:$R$21,V_NK2!$T$10:$T$21,AR734) -> 67.337229 | AL734: =(AK734/V_NK2!$T$18)*100 -> 94.309844 | AM734: =AK734-V_NK2!$T$11 -> 26.517229 | AN734: =IFERROR((AK734 - V_NK2!$X$12) / (V_NK2!$X$11- V_NK2!$X$12) * 100, 0) -> 86.714286 | AO734: 427 | AP734: 420 | AQ734: 425.86 | AR734: 426.07 | AS734: 0.43 | AT734: 0.04 | AW734: 2.9424579 | AX734: 2.8822727 | AZ734: =_xll.SRS1Splines.Functions25.Linear_Interp(V_NNG3A!$H$4:$H$12,V_NNG3A!$I$4:$I$12,BF734) -> 13.1831 | BA734: =(AZ734/V_NNG3A!$I$8)*100 -> 95.184838 | BB734: =_xll.SRS1Splines.Functions25.Linear_Interp(V_NNG3A!$H$4:$H$12,V_NNG3A!$J$4:$J$12,BF734) -> 2.1955138 | BC734: =IFERROR((AZ734-V_NNG3A!$J$20) / (V_NNG3A!$J$19-V_NNG3A!$J$20) * 100, 0) -> 76.701482 | BD734: 1050 | BE734: 1047 | BF734: 1049.46 | BG734: 0.0864 | BH734: 0.0849 | BK734: 0.56090945 | BL734: 0.55928945 | BM734: =BK734-BL734 -> 0.00162 | BN734: =_xll.SRS1Splines.Functions25.Linear_Interp(V_XNN1!$K$3:$K$8,V_XNN1!$L$3:$L$8,BT734) -> 0.1947 | BO734: =(BN734/V_XNN1!$L$7)*100 -> 92.714286 | BP734: =_xll.SRS1Splines.Functions25.Linear_Interp(V_XNN1!$K$3:$K$8,V_XNN1!$M$3:$M$8,BT734) -> 0.0387 | BQ734: =IFERROR((BN734 - V_XNN1!$M$16) / (V_XNN1!$M$15- V_XNN1!$M$16) * 100, 0) -> 25.069638 | BR734: 252 | BS734: 249 | BT734: 251.15 | BU734: 0.072 | BV734: 0.091014
...

Sheet V_NEM
A1: Main Dam | D1: 1000000 | E1: DIV Dam | I1: Main Dam | J1: DIV Dam
A2: Level | B2: Full Mm3 | C2: Active volume | E2: Elevation | F2: Full Mm3 | G2: Active Volume | H2: Level | I2: Full Volumne m3 | J2: Full Volume m3 | M2: ຄ່າໄຟ M$/GWh
A3: 775 | B3: 0.00042447 | C3: 0 | E3: 772 | F3: 0.006133825 | G3: 0 | H3: 772 | I3: 424.47 | J3: 6133.825 | M3: =(0.9*0.07316+0.1*0.0365) -> 0.069494
A4: 775.01 | B4: 0.0004412711 | C4: 0 | E4: 772.01 | F4: 0.0062471847 | G4: 0 | H4: 772.01 | I4: 441.2711 | J4: 6247.1847
A5: 775.02 | B5: 0.0004580722 | C5: 0 | E5: 772.02 | F5: 0.0063605443 | G5: 0 | H5: 772.02 | I5: 458.0722 | J5: 6360.5443
A6: 775.03 | B6: 0.0004748733 | C6: 0 | E6: 772.03 | F6: 0.006473904 | G6: 0 | H6: 772.03 | I6: 474.8733 | J6: 6473.904
A7: 775.04 | B7: 0.0004916744 | C7: 0 | E7: 772.04 | F7: 0.0065872636 | G7: 0 | H7: 772.04 | I7: 491.6744 | J7: 6587.2636
A8: 775.05 | B8: 0.0005084755 | C8: 0 | E8: 772.05 | F8: 0.0067006233 | G8: 0 | H8: 772.05 | I8: 508.4755 | J8: 6700.6233
A9: 775.06 | B9: 0.0005252766 | C9: 0 | E9: 772.06 | F9: 0.0068139829 | G9: 0 | H9: 772.06 | I9: 525.2766 | J9: 6813.9829
A10: 775.07 | B10: 0.0005420777 | C10: 0 | E10: 772.07 | F10: 0.0069273426 | G10: 0 | H10: 772.07 | I10: 542.0777 | J10: 6927.3426
A11: 775.08 | B11: 0.0005588788 | C11: 0 | E11: 772.08 | F11: 0.0070407022 | G11: 0 | H11: 772.08 | I11: 558.8788 | J11: 7040.7022
A12: 775.09 | B12: 0.0005756799 | C12: 0 | E12: 772.09 | F12: 0.0071540619 | G12: 0 | H12: 772.09 | I12: 575.6799 | J12: 7154.0619
A13: 775.1 | B13: 0.000592481 | C13: 0 | E13: 772.1 | F13: 0.0072674215 | G13: 0 | H13: 772.1 | I13: 592.481 | J13: 7267.4215
A14: 775.11 | B14: 0.0006092821 | C14: 0 | E14: 772.11 | F14: 0.0073807812 | G14: 0 | H14: 772.11 | I14: 609.2821 | J14: 7380.7812
A15: 775.12 | B15: 0.0006260832 | C15: 0 | E15: 772.12 | F15: 0.0074941408 | G15: 0 | H15: 772.12 | I15: 626.0832 | J15: 7494.1408
... A683: 781.8 | B683: 0.059305707 | C683: 0 | E683: 778.8 | F683: 0.26510132 | G683: 0 | H683: 778.8 | I683: 59305.707 | J683: 265101.32
A684: 781.81 | B684: 0.059507843 | C684: =B684-$B$683 -> 0.00020213565 | E684: 778.81 | F684: 0.26582906 | G684: =F684-$F$683 -> 0.00072774045 | H684: 778.81 | I684: 59507.843 | J684: 265829.06 | R684: NEM Main Dam Reservoir Water Level and Volume data | AB684: NEM Diversion Dam Reservoir Water Level and Volume data
A685: 781.82 | B685: 0.059709978 | C685: =B685-$B$683 -> 0.0004042713 | E685: 778.82 | F685: 0.2665568 | G685: =F685-$F$683 -> 0.0014554809 | H685: 778.82 | I685: 59709.978 | J685: 266556.8 | R685: MASL | S685: Volume (m3) | V685: NO. | W685: Elevation | X685: Interpolated Volume | Y685: Storage | Z685: Space | AB685: MASL | AC685: Volume (m3) | AF685: NO. | AG685: Elevation | AH685: Interpolated Volume | AI685: Storage | AJ685: Space
A686: 781.83 | B686: 0.059912114 | C686: =B686-$B$683 -> 0.00060640695 | E686: 778.83 | F686: 0.26728454 | G686: =F686-$F$683 -> 0.0021832213 | H686: 778.83 | I686: 59912.114 | J686: 267284.54 | S686: m3 | T686: MCM | W686: MASL | X686: MCM | Y686: % | Z686: m | AC686: m3 | AD686: MCM | AG686: MASL | AH686: MCM | AI686: % | AJ686: m
A687: 781.84 | B687: 0.06011425 | C687: =B687-$B$683 -> 0.0008085426 | E687: 778.84 | F687: 0.26801228 | G687: =F687-$F$683 -> 0.0029109618 | H687: 778.84 | I687: 60114.25 | J687: 268012.28 | R687: 775 | S687: 61097.265 | T687: =S687/1000000 -> 0.061097265 | V687: Input MASL | W687: 784 | X687: =_xll.SRS1Splines.Functions25.Linear_Interp($R$687:$R$703,$T$687:$T$703,W687) -> 0.8552866 | Y687: =IFERROR((X687 - $X$689) / ($X$688- $X$689) * 100, 0) -> 100 | Z687: =W688-W687 -> 0 | AB687: 775 | AC687: 424.47 | AD687: =AC687/1000000 -> 0.00042447 | AF687: Input MASL | AG687: 783 | AH687: =_xll.SRS1Splines.Functions25.Linear_Interp($AB$687:$AB$703,$AD$687:$AD$703,AG687) -> 0.08661698 | AI687: =IFERROR((AH687 - $AH$689) / ($AH$688- $AH$689) * 100, 0) -> 46.040272 | AJ687: =AG688-AG687 -> 1
A688: 781.85 | B688: 0.060316385 | C688: =B688-$B$683 -> 0.0010106782 | E688: 778.85 | F688: 0.26874002 | G688: =F688-$F$683 -> 0.0036387022 | H688: 778.85 | I688: 60316.385 | J688: 268740.02 | R688: 776 | S688: 99021.175 | T688: =S688/1000000 -> 0.099021175 | V688: FSL | W688: 784 | X688: =_xll.SRS1Splines.Functions25.Linear_Interp($R$687:$R$703,$T$687:$T$703,W688) -> 0.8552866 | Y688: =IFERROR((X688 - $X$689) / ($X$688- $X$689) * 100, 0) -> 100 | AB688: 776 | AC688: 2104.58 | AD688: =AC688/1000000 -> 0.00210458 | AF688: FSL | AG688: 784 | AH688: =_xll.SRS1Splines.Functions25.Linear_Interp($AB$687:$AB$703,$AD$687:$AD$703,AG688) -> 0.113888 | AI688: =IFERROR((AH688 - $AH$689) / ($AH$688- $AH$689) * 100, 0) -> 100
A689: 781.86 | B689: 0.060518521 | C689: =B689-$B$683 -> 0.0012128139 | E689: 778.86 | F689: 0.26946776 | G689: =F689-$F$683 -> 0.0043664427 | H689: 778.86 | I689: 60518.521 | J689: 269467.76 | R689: 777 | S689: 147830.49 | T689: =S689/1000000 -> 0.14783049 | V689: MOL | W689: 782 | X689: =_xll.SRS1Splines.Functions25.Linear_Interp($R$687:$R$703,$T$687:$T$703,W689) -> 0.57613771 | Y689: =IFERROR((X689 - $X$689) / ($X$688- $X$689) * 100, 0) -> 0 | AB689: 777 | AC689: 5290.14 | AD689: =AC689/1000000 -> 0.00529014 | AF689: MOL | AG689: 782 | AH689: =_xll.SRS1Splines.Functions25.Linear_Interp($AB$687:$AB$703,$AD$687:$AD$703,AG689) -> 0.06334842 | AI689: =IFERROR((AH689 - $AH$689) / ($AH$688- $AH$689) * 100, 0) -> 0
A690: 781.87 | B690: 0.060720657 | C690: =B690-$B$683 -> 0.0014149495 | E690: 778.87 | F690: 0.2701955 | G690: =F690-$F$683 -> 0.0050941831 | H690: 778.87 | I690: 60720.657 | J690: 270195.5 | R690: 778 | S690: 206882.08 | T690: =S690/1000000 -> 0.20688208 | AB690: 778 | AC690: 9800.555 | AD690: =AC690/1000000 -> 0.009800555
A691: 781.88 | B691: 0.060922792 | C691: =B691-$B$683 -> 0.0016170852 | E691: 778.88 | F691: 0.27092324 | G691: =F691-$F$683 -> 0.0058219236 | H691: 778.88 | I691: 60922.792 | J691: 270923.24 | R691: 779 | S691: 279656.12 | T691: =S691/1000000 -> 0.27965612 | AB691: 779 | AC691: 16518.765 | AD691: =AC691/1000000 -> 0.016518765
A692: 781.89 | B692: 0.061124928 | C692: =B692-$B$683 -> 0.0018192208 | E692: 778.89 | F692: 0.27165098 | G692: =F692-$F$683 -> 0.006549664 | H692: 778.89 | I692: 61124.928 | J692: 271650.98 | R692: 780 | S692: 364285.99 | T692: =S692/1000000 -> 0.36428599 | AB692: 780 | AC692: 27183.635 | AD692: =AC692/1000000 -> 0.027183635
A693: 781.9 | B693: 0.061327063 | C693: =B693-$B$683 -> 0.0020213565 | E693: 778.9 | F693: 0.27237872 | G693: =F693-$F$683 -> 0.0072774045 | H693: 778.9 | I693: 61327.063 | J693: 272378.72 | R693: 781 | S693: 462315.6 | T693: =S693/1000000 -> 0.4623156 | AB693: 781 | AC693: 43134.855 | AD693: =AC693/1000000 -> 0.043134855
A694: 781.91 | B694: 0.061529199 | C694: =B694-$B$683 -> 0.0022234921 | E694: 778.91 | F694: 0.27310646 | G694: =F694-$F$683 -> 0.0080051449 | H694: 778.91 | I694: 61529.199 | J694: 273106.46 | R694: 782 | S694: 576137.71 | T694: =S694/1000000 -> 0.57613771 | AB694: 782 | AC694: 63348.42 | AD694: =AC694/1000000 -> 0.06334842
A695: 781.92 | B695: 0.061731335 | C695: =B695-$B$683 -> 0.0024256278 | E695: 778.92 | F695: 0.2738342 | G695: =F695-$F$683 -> 0.0087328854 | H695: 778.92 | I695: 61731.335 | J695: 273834.2 | R695: 783 | S695: 706362.85 | T695: =S695/1000000 -> 0.70636285 | AB695: 783 | AC695: 86616.98 | AD695: =AC695/1000000 -> 0.08661698
A696: 781.93 | B696: 0.06193347 | C696: =B696-$B$683 -> 0.0026277634 | E696: 778.93 | F696: 0.27456194 | G696: =F696-$F$683 -> 0.0094606258 | H696: 778.93 | I696: 61933.47 | J696: 274561.94 | R696: 784 | S696: 855286.6 | T696: =S696/1000000 -> 0.8552866 | AB696: 784 | AC696: 113888 | AD696: =AC696/1000000 -> 0.113888
A697: 781.94 | B697: 0.062135606 | C697: =B697-$B$683 -> 0.0028298991 | E697: 778.94 | F697: 0.27528968 | G697: =F697-$F$683 -> 0.010188366 | H697: 778.94 | I697: 62135.606 | J697: 275289.68 | R697: 785 | S697: 1026577.6 | T697: =S697/1000000 -> 1.0265776 | AB697: 785 | AC697: 145709.45 | AD697: =AC697/1000000 -> 0.14570945
A698: 781.95 | B698: 0.062337742 | C698: =B698-$B$683 -> 0.0030320347 | E698: 778.95 | F698: 0.27601742 | G698: =F698-$F$683 -> 0.010916107 | H698: 778.95 | I698: 62337.742 | J698: 276017.42 | R698: 786 | S698: 1227271.1 | T698: =S698/1000000 -> 1.2272711 | AB698: 786 | AC698: 181585.43 | AD698: =AC698/1000000 -> 0.18158543
A699: 781.96 | B699: 0.062539877 | C699: =B699-$B$683 -> 0.0032341704 | E699: 778.96 | F699: 0.27674516 | G699: =F699-$F$683 -> 0.011643847 | H699: 778.96 | I699: 62539.877 | J699: 276745.16 | R699: 787 | S699: 1460513 | T699: =S699/1000000 -> 1.460513 | AB699: 787 | AC699: 221389.31 | AD699: =AC699/1000000 -> 0.22138931
A700: 781.97 | B700: 0.062742013 | C700: =B700-$B$683 -> 0.003436306 | E700: 778.97 | F700: 0.2774729 | G700: =F700-$F$683 -> 0.012371588 | H700: 778.97 | I700: 62742.013 | J700: 277472.9 | R700: 788 | S700: 1722888.7 | T700: =S700/1000000 -> 1.7228887 | AB700: 788 | AC700: 265502.34 | AD700: =AC700/1000000 -> 0.26550234
A701: 781.98 | B701: 0.062944149 | C701: =B701-$B$683 -> 0.0036384417 | E701: 778.98 | F701: 0.27820064 | G701: =F701-$F$683 -> 0.013099328 | H701: 778.98 | I701: 62944.149 | J701: 278200.64 | R701: 789 | S701: 2016268.8 | T701: =S701/1000000 -> 2.0162688 | AB701: 789 | AC701: 314950.33 | AD701: =AC701/1000000 -> 0.31495033
... A703: 782 | B703: 0.06334842 | C703: =B703-$B$683 -> 0.004042713 | E703: 779 | F703: 0.27965613 | G703: =F703-$F$683 -> 0.014554809 | H703: 779 | I703: 63348.42 | J703: 279656.13 | R703: 791 | S703: 2740223.8 | T703: =S703/1000000 -> 2.7402238 | AB703: 791 | AC703: 435761.83 | AD703: =AC703/1000000 -> 0.43576182
A704: 782.01 | B704: 0.063581106 | C704: =B704-$B$683 -> 0.0042753986 | E704: 779.01 | F704: 0.28050242 | G704: =F704-$F$683 -> 0.015401108 | H704: 779.01 | I704: 63581.106 | J704: 280502.42
A705: 782.02 | B705: 0.063813791 | C705: =B705-$B$683 -> 0.0045080842 | E705: 779.02 | F705: 0.28134872 | G705: =F705-$F$683 -> 0.016247406 | H705: 779.02 | I705: 63813.791 | J705: 281348.72
A706: 782.03 | B706: 0.064046477 | C706: =B706-$B$683 -> 0.0047407698 | E706: 779.03 | F706: 0.28219502 | G706: =F706-$F$683 -> 0.017093705 | H706: 779.03 | I706: 64046.477 | J706: 282195.02
A707: 782.04 | B707: 0.064279162 | C707: =B707-$B$683 -> 0.0049734554 | E707: 779.04 | F707: 0.28304132 | G707: =F707-$F$683 -> 0.017940004 | H707: 779.04 | I707: 64279.162 | J707: 283041.32 | R707: ແບບເກົ່າທີ່ເຂື່ອນໃຊ້ ປັດຈຸບັນ
A708: 782.05 | B708: 0.064511848 | C708: =B708-$B$683 -> 0.005206141 | E708: 779.05 | F708: 0.28388762 | G708: =F708-$F$683 -> 0.018786302 | H708: 779.05 | I708: 64511.848 | J708: 283887.62 | R708: NEM Diversion Dam Reservoir Water Level and Volume data | AB708: NEM Main Dam Reservoir Water Level and Volume data
A709: 782.06 | B709: 0.064744534 | C709: =B709-$B$683 -> 0.0054388266 | E709: 779.06 | F709: 0.28473392 | G709: =F709-$F$683 -> 0.019632601 | H709: 779.06 | I709: 64744.534 | J709: 284733.92 | R709: MASL | S709: Volume (m3) | V709: NO. | W709: Elevation | X709: Interpolated Volume | Y709: Storage | Z709: Space | AB709: MASL | AC709: Volume (m3) | AF709: NO. | AG709: Elevation | AH709: Interpolated Volume | AI709: Storage | AJ709: Space
A710: 782.07 | B710: 0.064977219 | C710: =B710-$B$683 -> 0.0056715122 | E710: 779.07 | F710: 0.28558022 | G710: =F710-$F$683 -> 0.0204789 | H710: 779.07 | I710: 64977.219 | J710: 285580.22 | S710: m3 | T710: MCM | W710: MASL | X710: MCM | Y710: % | Z710: m | AC710: m3 | AD710: MCM | AG710: MASL | AH710: MCM | AI710: % | AJ710: m
A711: 782.08 | B711: 0.065209905 | C711: =B711-$B$683 -> 0.0059041978 | E711: 779.08 | F711: 0.28642651 | G711: =F711-$F$683 -> 0.021325198 | H711: 779.08 | I711: 65209.905 | J711: 286426.51 | R711: 775 | T711: 0.00042447 | V711: Input MASL | W711: 784 | X711: =_xll.SRS1Splines.Functions25.Linear_Interp($R$687:$R$703,$T$687:$T$703,W711) -> 0.8552866 | Y711: =IFERROR((X711 - $X$689) / ($X$688- $X$689) * 100, 0) -> 100 | Z711: =W712-W711 -> 0 | AA711: 772 | AB711: 775 | AD711: 0.006133825 | AF711: Input MASL | AG711: 783 | AH711: =_xll.SRS1Splines.Functions25.Linear_Interp($AB$687:$AB$703,$AD$687:$AD$703,AG711) -> 0.08661698 | AI711: =IFERROR((AH711 - $AH$689) / ($AH$688- $AH$689) * 100, 0) -> 46.040272 | AJ711: =AG712-AG711 -> 1
A712: 782.09 | B712: 0.06544259 | C712: =B712-$B$683 -> 0.0061368834 | E712: 779.09 | F712: 0.28727281 | G712: =F712-$F$683 -> 0.022171497 | H712: 779.09 | I712: 65442.59 | J712: 287272.81 | R712: 776 | T712: 0.00210458 | V712: FSL | W712: 784 | X712: =_xll.SRS1Splines.Functions25.Linear_Interp($R$687:$R$703,$T$687:$T$703,W712) -> 0.8552866 | Y712: =IFERROR((X712 - $X$689) / ($X$688- $X$689) * 100, 0) -> 100 | AA712: 773 | AB712: 776 | AD712: 0.01746979 | AF712: FSL | AG712: 784 | AH712: =_xll.SRS1Splines.Functions25.Linear_Interp($AB$687:$AB$703,$AD$687:$AD$703,AG712) -> 0.113888 | AI712: =IFERROR((AH712 - $AH$689) / ($AH$688- $AH$689) * 100, 0) -> 100
A713: 782.1 | B713: 0.065675276 | C713: =B713-$B$683 -> 0.006369569 | E713: 779.1 | F713: 0.28811911 | G713: =F713-$F$683 -> 0.023017795 | H713: 779.1 | I713: 65675.276 | J713: 288119.11 | R713: 777 | T713: 0.00529014 | V713: MOL | W713: 782 | X713: =_xll.SRS1Splines.Functions25.Linear_Interp($R$687:$R$703,$T$687:$T$703,W713) -> 0.57613771 | Y713: =IFERROR((X713 - $X$689) / ($X$688- $X$689) * 100, 0) -> 0 | AA713: 774 | AB713: 777 | AD713: 0.035219305 | AF713: MOL | AG713: 782 | AH713: =_xll.SRS1Splines.Functions25.Linear_Interp($AB$687:$AB$703,$AD$687:$AD$703,AG713) -> 0.06334842 | AI713: =IFERROR((AH713 - $AH$689) / ($AH$688- $AH$689) * 100, 0) -> 0
A714: 782.11 | B714: 0.065907962 | C714: =B714-$B$683 -> 0.0066022546 | E714: 779.11 | F714: 0.28896541 | G714: =F714-$F$683 -> 0.023864094 | H714: 779.11 | I714: 65907.962 | J714: 288965.41 | R714: 778 | T714: 0.009800555 | AA714: 775 | AB714: 778 | AD714: 0.061097265
A715: 782.12 | B715: 0.066140647 | C715: =B715-$B$683 -> 0.0068349402 | E715: 779.12 | F715: 0.28981171 | G715: =F715-$F$683 -> 0.024710393 | H715: 779.12 | I715: 66140.647 | J715: 289811.71 | R715: 779 | T715: 0.016518765 | AA715: 776 | AB715: 779 | AD715: 0.099021175
A716: 782.13 | B716: 0.066373333 | C716: =B716-$B$683 -> 0.0070676258 | E716: 779.13 | F716: 0.29065801 | G716: =F716-$F$683 -> 0.025556691 | H716: 779.13 | I716: 66373.333 | J716: 290658.01 | R716: 780 | T716: 0.027183635 | AA716: 777 | AB716: 780 | AD716: 0.14783049
A717: 782.14 | B717: 0.066606018 | C717: =B717-$B$683 -> 0.0073003114 | E717: 779.14 | F717: 0.29150431 | G717: =F717-$F$683 -> 0.02640299 | H717: 779.14 | I717: 66606.018 | J717: 291504.31 | R717: 781 | T717: 0.043134855 | AA717: 778 | AB717: 781 | AD717: 0.20688208
A718: 782.15 | B718: 0.066838704 | C718: =B718-$B$683 -> 0.007532997 | E718: 779.15 | F718: 0.2923506 | G718: =F718-$F$683 -> 0.027249289 | H718: 779.15 | I718: 66838.704 | J718: 292350.6 | R718: 782 | T718: 0.06334842 | AA718: 779 | AB718: 782 | AD718: 0.27965613
A719: 782.16 | B719: 0.06707139 | C719: =B719-$B$683 -> 0.0077656826 | E719: 779.16 | F719: 0.2931969 | G719: =F719-$F$683 -> 0.028095587 | H719: 779.16 | I719: 67071.39 | J719: 293196.9 | R719: 783 | T719: 0.08661698 | AA719: 780 | AB719: 783 | AD719: 0.36428599
A720: 782.17 | B720: 0.067304075 | C720: =B720-$B$683 -> 0.0079983682 | E720: 779.17 | F720: 0.2940432 | G720: =F720-$F$683 -> 0.028941886 | H720: 779.17 | I720: 67304.075 | J720: 294043.2 | R720: 784 | T720: 0.113888 | AA720: 781 | AB720: 784 | AD720: 0.4623156
A721: 782.18 | B721: 0.067536761 | C721: =B721-$B$683 -> 0.0082310538 | E721: 779.18 | F721: 0.2948895 | G721: =F721-$F$683 -> 0.029788185 | H721: 779.18 | I721: 67536.761 | J721: 294889.5 | R721: 785 | T721: 0.14570945 | AA721: 782 | AB721: 785 | AD721: 0.57613771
A722: 782.19 | B722: 0.067769446 | C722: =B722-$B$683 -> 0.0084637394 | E722: 779.19 | F722: 0.2957358 | G722: =F722-$F$683 -> 0.030634483 | H722: 779.19 | I722: 67769.446 | J722: 295735.8 | R722: 786 | T722: 0.18158543 | AA722: 783 | AB722: 786 | AD722: 0.70636285
A723: 782.2 | B723: 0.068002132 | C723: =B723-$B$683 -> 0.008696425 | E723: 779.2 | F723: 0.2965821 | G723: =F723-$F$683 -> 0.031480782 | H723: 779.2 | I723: 68002.132 | J723: 296582.1 | R723: 787 | T723: 0.22138931 | AA723: 784 | AB723: 787 | AD723: 0.8552866
A724: 782.21 | B724: 0.068234818 | C724: =B724-$B$683 -> 0.0089291106 | E724: 779.21 | F724: 0.2974284 | G724: =F724-$F$683 -> 0.032327081 | H724: 779.21 | I724: 68234.818 | J724: 297428.4 | R724: 788 | T724: 0.26550233 | AA724: 785 | AB724: 788 | AD724: 1.0265776
A725: 782.22 | B725: 0.068467503 | C725: =B725-$B$683 -> 0.0091617962 | E725: 779.22 | F725: 0.2982747 | G725: =F725-$F$683 -> 0.033173379 | H725: 779.22 | I725: 68467.503 | J725: 298274.7 | R725: 789 | T725: 0.31495033 | AA725: 786 | AB725: 789 | AD725: 1.2272711
... A727: 782.24 | B727: 0.068932874 | C727: =B727-$B$683 -> 0.0096271674 | E727: 779.24 | F727: 0.29996729 | G727: =F727-$F$683 -> 0.034865977 | H727: 779.24 | I727: 68932.874 | J727: 299967.29 | R727: 791 | T727: 0.43576183 | AA727: 788 | AB727: 791 | AD727: 1.7228887
A728: 782.25 | B728: 0.06916556 | C728: =B728-$B$683 -> 0.009859853 | E728: 779.25 | F728: 0.30081359 | G728: =F728-$F$683 -> 0.035712275 | H728: 779.25 | I728: 69165.56 | J728: 300813.59
A729: 782.26 | B729: 0.069398246 | C729: =B729-$B$683 -> 0.010092539 | E729: 779.26 | F729: 0.30165989 | G729: =F729-$F$683 -> 0.036558574 | H729: 779.26 | I729: 69398.246 | J729: 301659.89
A730: 782.27 | B730: 0.069630931 | C730: =B730-$B$683 -> 0.010325224 | E730: 779.27 | F730: 0.30250619 | G730: =F730-$F$683 -> 0.037404873 | H730: 779.27 | I730: 69630.931 | J730: 302506.19
A731: 782.28 | B731: 0.069863617 | C731: =B731-$B$683 -> 0.01055791 | E731: 779.28 | F731: 0.30335249 | G731: =F731-$F$683 -> 0.038251171 | H731: 779.28 | I731: 69863.617 | J731: 303352.49
A732: 782.29 | B732: 0.070096302 | C732: =B732-$B$683 -> 0.010790595 | E732: 779.29 | F732: 0.30419879 | G732: =F732-$F$683 -> 0.03909747 | H732: 779.29 | I732: 70096.302 | J732: 304198.79
A733: 782.3 | B733: 0.070328988 | C733: =B733-$B$683 -> 0.011023281 | E733: 779.3 | F733: 0.30504508 | G733: =F733-$F$683 -> 0.039943769 | H733: 779.3 | I733: 70328.988 | J733: 305045.08 | AB733: NEM Main Dam Reservoir Water Level and Volume data
A734: 782.31 | B734: 0.070561674 | C734: =B734-$B$683 -> 0.011255967 | E734: 779.31 | F734: 0.30589138 | G734: =F734-$F$683 -> 0.040790067 | H734: 779.31 | I734: 70561.674 | J734: 305891.38 | AB734: MASL | AC734: Volume (m3) | AF734: NO. | AG734: Elevation | AH734: Interpolated Volume | AI734: Storage | AJ734: Space
A735: 782.32 | B735: 0.070794359 | C735: =B735-$B$683 -> 0.011488652 | E735: 779.32 | F735: 0.30673768 | G735: =F735-$F$683 -> 0.041636366 | H735: 779.32 | I735: 70794.359 | J735: 306737.68 | AC735: m3 | AD735: MCM | AG735: MASL | AH735: MCM | AI735: % | AJ735: m
A736: 782.33 | B736: 0.071027045 | C736: =B736-$B$683 -> 0.011721338 | E736: 779.33 | F736: 0.30758398 | G736: =F736-$F$683 -> 0.042482664 | H736: 779.33 | I736: 71027.045 | J736: 307583.98 | AB736: 772 | AD736: 0.006133825 | AF736: Input MASL | AG736: 783 | AH736: =_xll.SRS1Splines.Functions25.Linear_Interp($AB$687:$AB$703,$AD$687:$AD$703,AG736) -> 0.08661698 | AI736: =IFERROR((AH736 - $AH$689) / ($AH$688- $AH$689) * 100, 0) -> 46.040272 | AJ736: =AG737-AG736 -> 1
A737: 782.34 | B737: 0.07125973 | C737: =B737-$B$683 -> 0.011954023 | E737: 779.34 | F737: 0.30843028 | G737: =F737-$F$683 -> 0.043328963 | H737: 779.34 | I737: 71259.73 | J737: 308430.28 | AB737: 773 | AD737: 0.01746979 | AF737: FSL | AG737: 784 | AH737: =_xll.SRS1Splines.Functions25.Linear_Interp($AB$687:$AB$703,$AD$687:$AD$703,AG737) -> 0.113888 | AI737: =IFERROR((AH737 - $AH$689) / ($AH$688- $AH$689) * 100, 0) -> 100
A738: 782.35 | B738: 0.071492416 | C738: =B738-$B$683 -> 0.012186709 | E738: 779.35 | F738: 0.30927658 | G738: =F738-$F$683 -> 0.044175262 | H738: 779.35 | I738: 71492.416 | J738: 309276.58 | AB738: 774 | AD738: 0.035219305 | AF738: MOL | AG738: 782 | AH738: =_xll.SRS1Splines.Functions25.Linear_Interp($AB$687:$AB$703,$AD$687:$AD$703,AG738) -> 0.06334842 | AI738: =IFERROR((AH738 - $AH$689) / ($AH$688- $AH$689) * 100, 0) -> 0
A739: 782.36 | B739: 0.071725102 | C739: =B739-$B$683 -> 0.012419395 | E739: 779.36 | F739: 0.31012288 | G739: =F739-$F$683 -> 0.04502156 | H739: 779.36 | I739: 71725.102 | J739: 310122.88 | AB739: 775 | AD739: 0.061097265
A740: 782.37 | B740: 0.071957787 | C740: =B740-$B$683 -> 0.01265208 | E740: 779.37 | F740: 0.31096918 | G740: =F740-$F$683 -> 0.045867859 | H740: 779.37 | I740: 71957.787 | J740: 310969.18 | AB740: 776 | AD740: 0.099021175
A741: 782.38 | B741: 0.072190473 | C741: =B741-$B$683 -> 0.012884766 | E741: 779.38 | F741: 0.31181547 | G741: =F741-$F$683 -> 0.046714158 | H741: 779.38 | I741: 72190.473 | J741: 311815.47 | AB741: 777 | AD741: 0.14783049
A742: 782.39 | B742: 0.072423158 | C742: =B742-$B$683 -> 0.013117451 | E742: 779.39 | F742: 0.31266177 | G742: =F742-$F$683 -> 0.047560456 | H742: 779.39 | I742: 72423.158 | J742: 312661.77 | AB742: 778 | AD742: 0.20688208
A743: 782.4 | B743: 0.072655844 | C743: =B743-$B$683 -> 0.013350137 | E743: 779.4 | F743: 0.31350807 | G743: =F743-$F$683 -> 0.048406755 | H743: 779.4 | I743: 72655.844 | J743: 313508.07 | AB743: 779 | AD743: 0.27965613
A744: 782.41 | B744: 0.07288853 | C744: =B744-$B$683 -> 0.013582823 | E744: 779.41 | F744: 0.31435437 | G744: =F744-$F$683 -> 0.049253054 | H744: 779.41 | I744: 72888.53 | J744: 314354.37 | AB744: 780 | AD744: 0.36428599
A745: 782.42 | B745: 0.073121215 | C745: =B745-$B$683 -> 0.013815508 | E745: 779.42 | F745: 0.31520067 | G745: =F745-$F$683 -> 0.050099352 | H745: 779.42 | I745: 73121.215 | J745: 315200.67 | N745: 112886939 | AB745: 781 | AD745: 0.4623156
A746: 782.43 | B746: 0.073353901 | C746: =B746-$B$683 -> 0.014048194 | E746: 779.43 | F746: 0.31604697 | G746: =F746-$F$683 -> 0.050945651 | H746: 779.43 | I746: 73353.901 | J746: 316046.97 | N746: y119rj | AB746: 782 | AD746: 0.57613771
A747: 782.44 | B747: 0.073586586 | C747: =B747-$B$683 -> 0.014280879 | E747: 779.44 | F747: 0.31689327 | G747: =F747-$F$683 -> 0.05179195 | H747: 779.44 | I747: 73586.586 | J747: 316893.27 | AB747: 783 | AD747: 0.70636285
A748: 782.45 | B748: 0.073819272 | C748: =B748-$B$683 -> 0.014513565 | E748: 779.45 | F748: 0.31773956 | G748: =F748-$F$683 -> 0.052638248 | H748: 779.45 | I748: 73819.272 | J748: 317739.56 | AB748: 784 | AD748: 0.8552866
A749: 782.46 | B749: 0.074051958 | C749: =B749-$B$683 -> 0.014746251 | E749: 779.46 | F749: 0.31858586 | G749: =F749-$F$683 -> 0.053484547 | H749: 779.46 | I749: 74051.958 | J749: 318585.86 | AB749: 785 | AD749: 1.0265776
A750: 782.47 | B750: 0.074284643 | C750: =B750-$B$683 -> 0.014978936 | E750: 779.47 | F750: 0.31943216 | G750: =F750-$F$683 -> 0.054330846 | H750: 779.47 | I750: 74284.643 | J750: 319432.16 | AB750: 786 | AD750: 1.2272711
A751: 782.48 | B751: 0.074517329 | C751: =B751-$B$683 -> 0.015211622 | E751: 779.48 | F751: 0.32027846 | G751: =F751-$F$683 -> 0.055177144 | H751: 779.48 | I751: 74517.329 | J751: 320278.46 | AB751: 787 | AD751: 1.460513
A752: 782.49 | B752: 0.074750014 | C752: =B752-$B$683 -> 0.015444307 | E752: 779.49 | F752: 0.32112476 | G752: =F752-$F$683 -> 0.056023443 | H752: 779.49 | I752: 74750.014 | J752: 321124.76 | AB752: 788 | AD752: 1.7228887
A753: 782.5 | B753: 0.0749827 | C753: =B753-$B$683 -> 0.015676993 | E753: 779.5 | F753: 0.32197106 | G753: =F753-$F$683 -> 0.056869742 | H753: 779.5 | I753: 74982.7 | J753: 321971.06 | AB753: 789 | AD753: 2.0162688
A754: 782.51 | B754: 0.075215386 | C754: =B754-$B$683 -> 0.015909679 | E754: 779.51 | F754: 0.32281736 | G754: =F754-$F$683 -> 0.05771604 | H754: 779.51 | I754: 75215.386 | J754: 322817.36 | AB754: 790 | AD754: 2.3517462
A755: 782.52 | B755: 0.075448071 | C755: =B755-$B$683 -> 0.016142364 | E755: 779.52 | F755: 0.32366365 | G755: =F755-$F$683 -> 0.058562339 | H755: 779.52 | I755: 75448.071 | J755: 323663.65 | AB755: 791 | AD755: 2.7402238
A756: 782.53 | B756: 0.075680757 | C756: =B756-$B$683 -> 0.01637505 | E756: 779.53 | F756: 0.32450995 | G756: =F756-$F$683 -> 0.059408637 | H756: 779.53 | I756: 75680.757 | J756: 324509.95
A757: 782.54 | B757: 0.075913442 | C757: =B757-$B$683 -> 0.016607735 | E757: 779.54 | F757: 0.32535625 | G757: =F757-$F$683 -> 0.060254936 | H757: 779.54 | I757: 75913.442 | J757: 325356.25
A758: 782.55 | B758: 0.076146128 | C758: =B758-$B$683 -> 0.016840421 | E758: 779.55 | F758: 0.32620255 | G758: =F758-$F$683 -> 0.061101235 | H758: 779.55 | I758: 76146.128 | J758: 326202.55
A759: 782.56 | B759: 0.076378814 | C759: =B759-$B$683 -> 0.017073107 | E759: 779.56 | F759: 0.32704885 | G759: =F759-$F$683 -> 0.061947533 | H759: 779.56 | I759: 76378.814 | J759: 327048.85
A760: 782.57 | B760: 0.076611499 | C760: =B760-$B$683 -> 0.017305792 | E760: 779.57 | F760: 0.32789515 | G760: =F760-$F$683 -> 0.062793832 | H760: 779.57 | I760: 76611.499 | J760: 327895.15
A761: 782.58 | B761: 0.076844185 | C761: =B761-$B$683 -> 0.017538478 | E761: 779.58 | F761: 0.32874145 | G761: =F761-$F$683 -> 0.063640131 | H761: 779.58 | I761: 76844.185 | J761: 328741.45
A762: 782.59 | B762: 0.07707687 | C762: =B762-$B$683 -> 0.017771163 | E762: 779.59 | F762: 0.32958775 | G762: =F762-$F$683 -> 0.064486429 | H762: 779.59 | I762: 77076.87 | J762: 329587.75
A763: 782.6 | B763: 0.077309556 | C763: =B763-$B$683 -> 0.018003849 | E763: 779.6 | F763: 0.33043404 | G763: =F763-$F$683 -> 0.065332728 | H763: 779.6 | I763: 77309.556 | J763: 330434.04
A764: 782.61 | B764: 0.077542242 | C764: =B764-$B$683 -> 0.018236535 | E764: 779.61 | F764: 0.33128034 | G764: =F764-$F$683 -> 0.066179027 | H764: 779.61 | I764: 77542.242 | J764: 331280.34 | P764: 6.3773253e+08
A765: 782.62 | B765: 0.077774927 | C765: =B765-$B$683 -> 0.01846922 | E765: 779.62 | F765: 0.33212664 | G765: =F765-$F$683 -> 0.067025325 | H765: 779.62 | I765: 77774.927 | J765: 332126.64
A766: 782.63 | B766: 0.078007613 | C766: =B766-$B$683 -> 0.018701906 | E766: 779.63 | F766: 0.33297294 | G766: =F766-$F$683 -> 0.067871624 | H766: 779.63 | I766: 78007.613 | J766: 332972.94 | P766: 6.3779919e+08
A767: 782.64 | B767: 0.078240298 | C767: =B767-$B$683 -> 0.018934591 | E767: 779.64 | F767: 0.33381924 | G767: =F767-$F$683 -> 0.068717923 | H767: 779.64 | I767: 78240.298 | J767: 333819.24 | P767: =P766-P764 -> 66651.82
A768: 782.65 | B768: 0.078472984 | C768: =B768-$B$683 -> 0.019167277 | E768: 779.65 | F768: 0.33466554 | G768: =F768-$F$683 -> 0.069564221 | H768: 779.65 | I768: 78472.984 | J768: 334665.54 | P768: =P767/1000 -> 66.65182
A769: 782.66 | B769: 0.07870567 | C769: =B769-$B$683 -> 0.019399963 | E769: 779.66 | F769: 0.33551184 | G769: =F769-$F$683 -> 0.07041052 | H769: 779.66 | I769: 78705.67 | J769: 335511.84
...

Sheet V_NK3
A1: NK3 | B1: Reservoir | D1: Active | F1: % | G1: Diff | L1: WL | M1: Active Volume m3
A2: FSL | B2: 541.8 | C2: masl | D2: =VLOOKUP(B2,$A$6:$D$2406,3) -> 5.1692055e+08 | E2: m3 | F2: =D2/516920551.957673 -> 1 | G2: =D3-D2 -> 3919008.3 | H2: m3 | I2: =B3-B2 -> 0.1 | J2: m | L2: =VLOOKUP(M2,$C$6:$D$2406,2) -> 541.8 | M2: 5.1692055e+08
A3: Current | B3: 541.9 | C3: masl | D3: =VLOOKUP(B3,$A$6:$D$2406,3) -> 5.2083956e+08 | E3: m3 | F3: =D3/516920551.957673 -> 1.0075815 | G3: =I3*G2/I2 -> 39190083 | H3: m3/m | I3: 1 | J3: m | L3: =VLOOKUP(M3,$C$6:$D$2406,2) -> 521.05 | M3: 540875
A4: ປະມານການນໍ້າໃນອ່າງເກັບ ເຂື່ອນນໍ້າກົງ 3 ( Update ) | G4: =D2/1000000 -> 516.92055 | K4: Diff | L4: =L3-L2 -> -20.75 | M4: =M3-M2 -> -5.1637968e+08
A5: NK3 - Level | B5: New total ( m³ ) | C5: Live storage ( m³ ) | D5: NK3 - Level | E5: Area_2D TH (new) ( m² ) | F5: Remark | P5: NK3 Reservoir Water Level and Volume data | AA5: Rang-WL | AB5: Turbine Rate
A6: 521 | B6: 56578652 | D6: 521 | E6: 10410845 | F6: MOL | P6: MASL | Q6: Volume (m3) | T6: NO. | U6: Elevation | V6: Interpolated Volume | W6: Storage | X6: Space | Z6: 538 | AA6: 541.8 - 538 | AB6: 4.05 | AC6: 18x3
A7: 521.01 | B7: =B6+(($B$106-$B$6)/100) -> 56686827 | C7: =B7-$B$6 -> 108174.91 | D7: 521.01 | E7: =E6+(($E$106-$E$6)/100) -> 10419082 | G7: =(B7-B6)/10^6 -> 0.10817491 | H7: =C7/$C$2006 -> 0.00022277992 | Q7: m3 | R7: MCM | U7: MASL | V7: MCM | W7: % | X7: m | Z7: 535 | AA7: 537.9 - 535 | AB7: 4.24 | AC7: 18x3
A8: 521.02 | B8: =B7+(($B$106-$B$6)/100) -> 56795002 | C8: =B8-$B$6 -> 216349.82 | D8: 521.02 | E8: =E7+(($E$106-$E$6)/100) -> 10427318 | G8: =(B8-B7)/10^6 -> 0.10817491 | H8: =C8/$C$2006 -> 0.00044555985 | P8: 521 | Q8: 56578652 | R8: =Q8/1000000 -> 56.578652 | T8: Input MASL | U8: 529 | V8: =_xll.SRS1Splines.Functions25.Linear_Interp($P$8:$P$32,$R$8:$R$32,U8) -> 181.34661 | W8: =IFERROR((V8 - $V$10) / ($V$9- $V$10) * 100, 0) -> 25.695234 | X8: =U9-U8 -> 12 | Z8: 531 | AA8: 534.9 - 531 | AB8: 4.4 | AC8: 18x3
A9: 521.03 | B9: =B8+(($B$106-$B$6)/100) -> 56903176 | C9: =B9-$B$6 -> 324524.73 | D9: 521.03 | E9: =E8+(($E$106-$E$6)/100) -> 10435555 | G9: =(B9-B8)/10^6 -> 0.10817491 | H9: =C9/$C$2006 -> 0.00066833977 | P9: 522 | Q9: 67396143 | R9: =Q9/1000000 -> 67.396143 | T9: FSL | U9: 541 | V9: =_xll.SRS1Splines.Functions25.Linear_Interp($P$8:$P$32,$R$8:$R$32,U9) -> 542.14714 | W9: =IFERROR((V9 - $V$10) / ($V$9- $V$10) * 100, 0) -> 100 | Z9: 527 | AA9: 530.9 - 527 | AB9: 4.6 | AC9: 17x3
A10: 521.04 | B10: =B9+(($B$106-$B$6)/100) -> 57011351 | C10: =B10-$B$6 -> 432699.64 | D10: 521.04 | E10: =E9+(($E$106-$E$6)/100) -> 10443792 | G10: =(B10-B9)/10^6 -> 0.10817491 | H10: =C10/$C$2006 -> 0.00089111969 | P10: 523 | Q10: 79070912 | R10: =Q10/1000000 -> 79.070912 | T10: MOL | U10: 521 | V10: =_xll.SRS1Splines.Functions25.Linear_Interp($P$8:$P$32,$R$8:$R$32,U10) -> 56.578652 | W10: =IFERROR((V10 - $V$10) / ($V$9- $V$10) * 100, 0) -> 0 | Z10: 523 | AA10: 526.9 - 523 | AB10: 4.82 | AC10: 16x3
A11: 521.05 | B11: =B10+(($B$106-$B$6)/100) -> 57119526 | C11: =B11-$B$6 -> 540874.55 | D11: 521.05 | E11: =E10+(($E$106-$E$6)/100) -> 10452028 | G11: =(B11-B10)/10^6 -> 0.10817491 | H11: =C11/$C$2006 -> 0.0011138996 | P11: 524 | Q11: 91670179 | R11: =Q11/1000000 -> 91.670179 | Z11: 520 | AA11: 522.9 - 520 | AB11: 5.02 | AC11: 16x3
A12: 521.06 | B12: =B11+(($B$106-$B$6)/100) -> 57227701 | C12: =B12-$B$6 -> 649049.46 | D12: 521.06 | E12: =E11+(($E$106-$E$6)/100) -> 10460265 | G12: =(B12-B11)/10^6 -> 0.10817491 | H12: =C12/$C$2006 -> 0.0013366795 | P12: 525 | Q12: 105304822 | R12: =Q12/1000000 -> 105.30482
A13: 521.07 | B13: =B12+(($B$106-$B$6)/100) -> 57335876 | C13: =B13-$B$6 -> 757224.37 | D13: 521.07 | E13: =E12+(($E$106-$E$6)/100) -> 10468501 | G13: =(B13-B12)/10^6 -> 0.10817491 | H13: =C13/$C$2006 -> 0.0015594595 | P13: 526 | Q13: 122764733 | R13: =Q13/1000000 -> 122.76473
A14: 521.08 | B14: =B13+(($B$106-$B$6)/100) -> 57444051 | C14: =B14-$B$6 -> 865399.28 | D14: 521.08 | E14: =E13+(($E$106-$E$6)/100) -> 10476738 | G14: =(B14-B13)/10^6 -> 0.10817491 | H14: =C14/$C$2006 -> 0.0017822394 | P14: 527 | Q14: 141282973 | R14: =Q14/1000000 -> 141.28297
A15: 521.09 | B15: =B14+(($B$106-$B$6)/100) -> 57552226 | C15: =B15-$B$6 -> 973574.19 | D15: 521.09 | E15: =E14+(($E$106-$E$6)/100) -> 10484974 | G15: =(B15-B14)/10^6 -> 0.10817491 | H15: =C15/$C$2006 -> 0.0020050193 | P15: 528 | Q15: 160802791 | R15: =Q15/1000000 -> 160.80279
A16: 521.1 | B16: =B15+(($B$106-$B$6)/100) -> 57660401 | C16: =B16-$B$6 -> 1081749.1 | D16: 521.1 | E16: =E15+(($E$106-$E$6)/100) -> 10493211 | G16: =(B16-B15)/10^6 -> 0.10817491 | H16: =C16/$C$2006 -> 0.0022277992 | P16: 529 | Q16: 181346609 | R16: =Q16/1000000 -> 181.34661
A17: 521.11 | B17: =B16+(($B$106-$B$6)/100) -> 57768576 | C17: =B17-$B$6 -> 1189924 | D17: 521.11 | E17: =E16+(($E$106-$E$6)/100) -> 10501448 | G17: =(B17-B16)/10^6 -> 0.10817491 | H17: =C17/$C$2006 -> 0.0024505792 | P17: 530 | Q17: 202977644 | R17: =Q17/1000000 -> 202.97764
A18: 521.12 | B18: =B17+(($B$106-$B$6)/100) -> 57876751 | C18: =B18-$B$6 -> 1298098.9 | D18: 521.12 | E18: =E17+(($E$106-$E$6)/100) -> 10509684 | G18: =(B18-B17)/10^6 -> 0.10817491 | H18: =C18/$C$2006 -> 0.0026733591 | P18: 531 | Q18: 227242549 | R18: =Q18/1000000 -> 227.24255
A19: 521.13 | B19: =B18+(($B$106-$B$6)/100) -> 57984926 | C19: =B19-$B$6 -> 1406273.8 | D19: 521.13 | E19: =E18+(($E$106-$E$6)/100) -> 10517921 | G19: =(B19-B18)/10^6 -> 0.10817491 | H19: =C19/$C$2006 -> 0.002896139 | P19: 532 | Q19: 252673967 | R19: =Q19/1000000 -> 252.67397
A20: 521.14 | B20: =B19+(($B$106-$B$6)/100) -> 58093101 | C20: =B20-$B$6 -> 1514448.7 | D20: 521.14 | E20: =E19+(($E$106-$E$6)/100) -> 10526157 | G20: =(B20-B19)/10^6 -> 0.10817491 | H20: =C20/$C$2006 -> 0.0031189189 | P20: 533 | Q20: 279213391 | R20: =Q20/1000000 -> 279.21339
A21: 521.15 | B21: =B20+(($B$106-$B$6)/100) -> 58201275 | C21: =B21-$B$6 -> 1622623.7 | D21: 521.15 | E21: =E20+(($E$106-$E$6)/100) -> 10534394 | G21: =(B21-B20)/10^6 -> 0.10817491 | H21: =C21/$C$2006 -> 0.0033416989 | P21: 534 | Q21: 306881584 | R21: =Q21/1000000 -> 306.88158
A22: 521.16 | B22: =B21+(($B$106-$B$6)/100) -> 58309450 | C22: =B22-$B$6 -> 1730798.6 | D22: 521.16 | E22: =E21+(($E$106-$E$6)/100) -> 10542630 | G22: =(B22-B21)/10^6 -> 0.10817491 | H22: =C22/$C$2006 -> 0.0035644788 | P22: 535 | Q22: 335706285 | R22: =Q22/1000000 -> 335.70628
A23: 521.17 | B23: =B22+(($B$106-$B$6)/100) -> 58417625 | C23: =B23-$B$6 -> 1838973.5 | D23: 521.17 | E23: =E22+(($E$106-$E$6)/100) -> 10550867 | G23: =(B23-B22)/10^6 -> 0.10817491 | H23: =C23/$C$2006 -> 0.0037872587 | P23: 536 | Q23: 367064208 | R23: =Q23/1000000 -> 367.06421
... A32: 521.26 | B32: =B31+(($B$106-$B$6)/100) -> 59391199 | C32: =B32-$B$6 -> 2812547.7 | D32: 521.26 | E32: =E31+(($E$106-$E$6)/100) -> 10624996 | G32: =(B32-B31)/10^6 -> 0.10817491 | H32: =C32/$C$2006 -> 0.005792278 | P32: 545 | Q32: 704863931 | R32: =Q32/1000000 -> 704.86393
A33: 521.27 | B33: =B32+(($B$106-$B$6)/100) -> 59499374 | C33: =B33-$B$6 -> 2920722.6 | D33: 521.27 | E33: =E32+(($E$106-$E$6)/100) -> 10633233 | G33: =(B33-B32)/10^6 -> 0.10817491 | H33: =C33/$C$2006 -> 0.0060150579
A34: 521.28 | B34: =B33+(($B$106-$B$6)/100) -> 59607549 | C34: =B34-$B$6 -> 3028897.5 | D34: 521.28 | E34: =E33+(($E$106-$E$6)/100) -> 10641469 | G34: =(B34-B33)/10^6 -> 0.10817491 | H34: =C34/$C$2006 -> 0.0062378379
A35: 521.29 | B35: =B34+(($B$106-$B$6)/100) -> 59715724 | C35: =B35-$B$6 -> 3137072.4 | D35: 521.29 | E35: =E34+(($E$106-$E$6)/100) -> 10649706 | G35: =(B35-B34)/10^6 -> 0.10817491 | H35: =C35/$C$2006 -> 0.0064606178
A36: 521.3 | B36: =B35+(($B$106-$B$6)/100) -> 59823899 | C36: =B36-$B$6 -> 3245247.3 | D36: 521.3 | E36: =E35+(($E$106-$E$6)/100) -> 10657943 | G36: =(B36-B35)/10^6 -> 0.10817491 | H36: =C36/$C$2006 -> 0.0066833977
A37: 521.31 | B37: =B36+(($B$106-$B$6)/100) -> 59932074 | C37: =B37-$B$6 -> 3353422.2 | D37: 521.31 | E37: =E36+(($E$106-$E$6)/100) -> 10666179 | G37: =(B37-B36)/10^6 -> 0.10817491 | H37: =C37/$C$2006 -> 0.0069061776
A38: 521.32 | B38: =B37+(($B$106-$B$6)/100) -> 60040249 | C38: =B38-$B$6 -> 3461597.1 | D38: 521.32 | E38: =E37+(($E$106-$E$6)/100) -> 10674416 | G38: =(B38-B37)/10^6 -> 0.10817491 | H38: =C38/$C$2006 -> 0.0071289575
A39: 521.33 | B39: =B38+(($B$106-$B$6)/100) -> 60148424 | C39: =B39-$B$6 -> 3569772 | D39: 521.33 | E39: =E38+(($E$106-$E$6)/100) -> 10682652 | G39: =(B39-B38)/10^6 -> 0.10817491 | H39: =C39/$C$2006 -> 0.0073517375
A40: 521.34 | B40: =B39+(($B$106-$B$6)/100) -> 60256599 | C40: =B40-$B$6 -> 3677946.9 | D40: 521.34 | E40: =E39+(($E$106-$E$6)/100) -> 10690889 | G40: =(B40-B39)/10^6 -> 0.10817491 | H40: =C40/$C$2006 -> 0.0075745174
A41: 521.35 | B41: =B40+(($B$106-$B$6)/100) -> 60364774 | C41: =B41-$B$6 -> 3786121.9 | D41: 521.35 | E41: =E40+(($E$106-$E$6)/100) -> 10699125 | G41: =(B41-B40)/10^6 -> 0.10817491 | H41: =C41/$C$2006 -> 0.0077972973
A42: 521.36 | B42: =B41+(($B$106-$B$6)/100) -> 60472949 | C42: =B42-$B$6 -> 3894296.8 | D42: 521.36 | E42: =E41+(($E$106-$E$6)/100) -> 10707362 | G42: =(B42-B41)/10^6 -> 0.10817491 | H42: =C42/$C$2006 -> 0.0080200772
A43: 521.37 | B43: =B42+(($B$106-$B$6)/100) -> 60581123 | C43: =B43-$B$6 -> 4002471.7 | D43: 521.37 | E43: =E42+(($E$106-$E$6)/100) -> 10715599 | G43: =(B43-B42)/10^6 -> 0.10817491 | H43: =C43/$C$2006 -> 0.0082428572
A44: 521.38 | B44: =B43+(($B$106-$B$6)/100) -> 60689298 | C44: =B44-$B$6 -> 4110646.6 | D44: 521.38 | E44: =E43+(($E$106-$E$6)/100) -> 10723835 | G44: =(B44-B43)/10^6 -> 0.10817491 | H44: =C44/$C$2006 -> 0.0084656371
... A105: 521.99 | B105: =B104+(($B$106-$B$6)/100) -> 67287968 | C105: =B105-$B$6 -> 10709316 | D105: 521.99 | E105: =E104+(($E$106-$E$6)/100) -> 11226266 | G105: =(B105-B104)/10^6 -> 0.10817491 | H105: =C105/$C$2006 -> 0.022055212
A106: 522 | B106: 67396143 | C106: =B106-$B$6 -> 10817491 | D106: 522 | E106: 11234503 | G106: =(B106-B105)/10^6 -> 0.10817491 | H106: =C106/$C$2006 -> 0.022277992
A107: 522.01 | B107: =B106+(($B$206-$B$106)/100) -> 67512890 | C107: =B107-$B$6 -> 10934239 | D107: 522.01 | E107: =E106+(($E$206-$E$106)/100) -> 11243419 | G107: =(B107-B106)/10^6 -> 0.11674769 | H107: =C107/$C$2006 -> 0.022518427
A108: 522.02 | B108: =B107+(($B$206-$B$106)/100) -> 67629638 | C108: =B108-$B$6 -> 11050986 | D108: 522.02 | E108: =E107+(($E$206-$E$106)/100) -> 11252336 | G108: =(B108-B107)/10^6 -> 0.11674769 | H108: =C108/$C$2006 -> 0.022758862
A109: 522.03 | B109: =B108+(($B$206-$B$106)/100) -> 67746386 | C109: =B109-$B$6 -> 11167734 | D109: 522.03 | E109: =E108+(($E$206-$E$106)/100) -> 11261252 | G109: =(B109-B108)/10^6 -> 0.11674769 | H109: =C109/$C$2006 -> 0.022999298
A110: 522.04 | B110: =B109+(($B$206-$B$106)/100) -> 67863134 | C110: =B110-$B$6 -> 11284482 | D110: 522.04 | E110: =E109+(($E$206-$E$106)/100) -> 11270169 | G110: =(B110-B109)/10^6 -> 0.11674769 | H110: =C110/$C$2006 -> 0.023239733
A111: 522.05 | B111: =B110+(($B$206-$B$106)/100) -> 67979881 | C111: =B111-$B$6 -> 11401229 | D111: 522.05 | E111: =E110+(($E$206-$E$106)/100) -> 11279085 | G111: =(B111-B110)/10^6 -> 0.11674769 | H111: =C111/$C$2006 -> 0.023480168
A112: 522.06 | B112: =B111+(($B$206-$B$106)/100) -> 68096629 | C112: =B112-$B$6 -> 11517977 | D112: 522.06 | E112: =E111+(($E$206-$E$106)/100) -> 11288002 | G112: =(B112-B111)/10^6 -> 0.11674769 | H112: =C112/$C$2006 -> 0.023720603
A113: 522.07 | B113: =B112+(($B$206-$B$106)/100) -> 68213377 | C113: =B113-$B$6 -> 11634725 | D113: 522.07 | E113: =E112+(($E$206-$E$106)/100) -> 11296918 | G113: =(B113-B112)/10^6 -> 0.11674769 | H113: =C113/$C$2006 -> 0.023961038
A114: 522.08 | B114: =B113+(($B$206-$B$106)/100) -> 68330124 | C114: =B114-$B$6 -> 11751473 | D114: 522.08 | E114: =E113+(($E$206-$E$106)/100) -> 11305835 | G114: =(B114-B113)/10^6 -> 0.11674769 | H114: =C114/$C$2006 -> 0.024201473
A115: 522.09 | B115: =B114+(($B$206-$B$106)/100) -> 68446872 | C115: =B115-$B$6 -> 11868220 | D115: 522.09 | E115: =E114+(($E$206-$E$106)/100) -> 11314751 | G115: =(B115-B114)/10^6 -> 0.11674769 | H115: =C115/$C$2006 -> 0.024441908
A116: 522.1 | B116: =B115+(($B$206-$B$106)/100) -> 68563620 | C116: =B116-$B$6 -> 11984968 | D116: 522.1 | E116: =E115+(($E$206-$E$106)/100) -> 11323668 | G116: =(B116-B115)/10^6 -> 0.11674769 | H116: =C116/$C$2006 -> 0.024682343
A117: 522.11 | B117: =B116+(($B$206-$B$106)/100) -> 68680367 | C117: =B117-$B$6 -> 12101716 | D117: 522.11 | E117: =E116+(($E$206-$E$106)/100) -> 11332584 | G117: =(B117-B116)/10^6 -> 0.11674769 | H117: =C117/$C$2006 -> 0.024922778
A118: 522.12 | B118: =B117+(($B$206-$B$106)/100) -> 68797115 | C118: =B118-$B$6 -> 12218463 | D118: 522.12 | E118: =E117+(($E$206-$E$106)/100) -> 11341501 | G118: =(B118-B117)/10^6 -> 0.11674769 | H118: =C118/$C$2006 -> 0.025163213
... A205: 522.99 | B205: =B204+(($B$206-$B$106)/100) -> 78954164 | C205: =B205-$B$6 -> 22375512 | D205: 522.99 | E205: =E204+(($E$206-$E$106)/100) -> 12117236 | G205: =(B205-B204)/10^6 -> 0.11674769 | H205: =C205/$C$2006 -> 0.046081064
A206: 523 | B206: 79070912 | C206: =B206-$B$6 -> 22492260 | D206: 523 | E206: 12126152 | G206: =(B206-B205)/10^6 -> 0.11674769 | H206: =C206/$C$2006 -> 0.046321499
A207: 523.01 | B207: =B206+(($B$306-$B$206)/100) -> 79196904 | C207: =B207-$B$6 -> 22618253 | D207: 523.01 | E207: =E206+(($E$306-$E$206)/100) -> 12135759 | G207: =(B207-B206)/10^6 -> 0.12599267 | H207: =C207/$C$2006 -> 0.046580973
A208: 523.02 | B208: =B207+(($B$306-$B$206)/100) -> 79322897 | C208: =B208-$B$6 -> 22744245 | D208: 523.02 | E208: =E207+(($E$306-$E$206)/100) -> 12145367 | G208: =(B208-B207)/10^6 -> 0.12599267 | H208: =C208/$C$2006 -> 0.046840448
A209: 523.03 | B209: =B208+(($B$306-$B$206)/100) -> 79448890 | C209: =B209-$B$6 -> 22870238 | D209: 523.03 | E209: =E208+(($E$306-$E$206)/100) -> 12154974 | G209: =(B209-B208)/10^6 -> 0.12599267 | H209: =C209/$C$2006 -> 0.047099923
A210: 523.04 | B210: =B209+(($B$306-$B$206)/100) -> 79574883 | C210: =B210-$B$6 -> 22996231 | D210: 523.04 | E210: =E209+(($E$306-$E$206)/100) -> 12164581 | G210: =(B210-B209)/10^6 -> 0.12599267 | H210: =C210/$C$2006 -> 0.047359397
A211: 523.05 | B211: =B210+(($B$306-$B$206)/100) -> 79700875 | C211: =B211-$B$6 -> 23122223 | D211: 523.05 | E211: =E210+(($E$306-$E$206)/100) -> 12174189 | G211: =(B211-B210)/10^6 -> 0.12599267 | H211: =C211/$C$2006 -> 0.047618872
A212: 523.06 | B212: =B211+(($B$306-$B$206)/100) -> 79826868 | C212: =B212-$B$6 -> 23248216 | D212: 523.06 | E212: =E211+(($E$306-$E$206)/100) -> 12183796 | G212: =(B212-B211)/10^6 -> 0.12599267 | H212: =C212/$C$2006 -> 0.047878346
A213: 523.07 | B213: =B212+(($B$306-$B$206)/100) -> 79952861 | C213: =B213-$B$6 -> 23374209 | D213: 523.07 | E213: =E212+(($E$306-$E$206)/100) -> 12193403 | G213: =(B213-B212)/10^6 -> 0.12599267 | H213: =C213/$C$2006 -> 0.048137821
A214: 523.08 | B214: =B213+(($B$306-$B$206)/100) -> 80078853 | C214: =B214-$B$6 -> 23500201 | D214: 523.08 | E214: =E213+(($E$306-$E$206)/100) -> 12203011 | G214: =(B214-B213)/10^6 -> 0.12599267 | H214: =C214/$C$2006 -> 0.048397295
A215: 523.09 | B215: =B214+(($B$306-$B$206)/100) -> 80204846 | C215: =B215-$B$6 -> 23626194 | D215: 523.09 | E215: =E214+(($E$306-$E$206)/100) -> 12212618 | G215: =(B215-B214)/10^6 -> 0.12599267 | H215: =C215/$C$2006 -> 0.04865677
A216: 523.1 | B216: =B215+(($B$306-$B$206)/100) -> 80330839 | C216: =B216-$B$6 -> 23752187 | D216: 523.1 | E216: =E215+(($E$306-$E$206)/100) -> 12222225 | G216: =(B216-B215)/10^6 -> 0.12599267 | H216: =C216/$C$2006 -> 0.048916244
A217: 523.11 | B217: =B216+(($B$306-$B$206)/100) -> 80456831 | C217: =B217-$B$6 -> 23878179 | D217: 523.11 | E217: =E216+(($E$306-$E$206)/100) -> 12231833 | G217: =(B217-B216)/10^6 -> 0.12599267 | H217: =C217/$C$2006 -> 0.049175719
A218: 523.12 | B218: =B217+(($B$306-$B$206)/100) -> 80582824 | C218: =B218-$B$6 -> 24004172 | D218: 523.12 | E218: =E217+(($E$306-$E$206)/100) -> 12241440 | G218: =(B218-B217)/10^6 -> 0.12599267 | H218: =C218/$C$2006 -> 0.049435194
... A305: 523.99 | B305: =B304+(($B$306-$B$206)/100) -> 91544186 | C305: =B305-$B$6 -> 34965534 | D305: 523.99 | E305: =E304+(($E$306-$E$206)/100) -> 13077276 | G305: =(B305-B304)/10^6 -> 0.12599267 | H305: =C305/$C$2006 -> 0.07200948
A306: 524 | B306: 91670179 | C306: =B306-$B$6 -> 35091527 | D306: 524 | E306: 13086883 | G306: =(B306-B305)/10^6 -> 0.12599267 | H306: =C306/$C$2006 -> 0.072268955
A307: 524.01 | B307: =B306+(($B$406-$B$306)/100) -> 91806525 | C307: =B307-$B$6 -> 35227873 | D307: 524.01 | E307: =E306+(($E$406-$E$306)/100) -> 13120794 | G307: =(B307-B306)/10^6 -> 0.13634643 | H307: =C307/$C$2006 -> 0.072549753
A308: 524.02 | B308: =B307+(($B$406-$B$306)/100) -> 91942872 | C308: =B308-$B$6 -> 35364220 | D308: 524.02 | E308: =E307+(($E$406-$E$306)/100) -> 13154706 | G308: =(B308-B307)/10^6 -> 0.13634643 | H308: =C308/$C$2006 -> 0.07283055
A309: 524.03 | B309: =B308+(($B$406-$B$306)/100) -> 92079218 | C309: =B309-$B$6 -> 35500566 | D309: 524.03 | E309: =E308+(($E$406-$E$306)/100) -> 13188617 | G309: =(B309-B308)/10^6 -> 0.13634643 | H309: =C309/$C$2006 -> 0.073111348
A310: 524.04 | B310: =B309+(($B$406-$B$306)/100) -> 92215565 | C310: =B310-$B$6 -> 35636913 | D310: 524.04 | E310: =E309+(($E$406-$E$306)/100) -> 13222529 | G310: =(B310-B309)/10^6 -> 0.13634643 | H310: =C310/$C$2006 -> 0.073392145
A311: 524.05 | B311: =B310+(($B$406-$B$306)/100) -> 92351911 | C311: =B311-$B$6 -> 35773259 | D311: 524.05 | E311: =E310+(($E$406-$E$306)/100) -> 13256440 | G311: =(B311-B310)/10^6 -> 0.13634643 | H311: =C311/$C$2006 -> 0.073672943
A312: 524.06 | B312: =B311+(($B$406-$B$306)/100) -> 92488257 | C312: =B312-$B$6 -> 35909606 | D312: 524.06 | E312: =E311+(($E$406-$E$306)/100) -> 13290351 | G312: =(B312-B311)/10^6 -> 0.13634643 | H312: =C312/$C$2006 -> 0.07395374
A313: 524.07 | B313: =B312+(($B$406-$B$306)/100) -> 92624604 | C313: =B313-$B$6 -> 36045952 | D313: 524.07 | E313: =E312+(($E$406-$E$306)/100) -> 13324263 | G313: =(B313-B312)/10^6 -> 0.13634643 | H313: =C313/$C$2006 -> 0.074234538
A314: 524.08 | B314: =B313+(($B$406-$B$306)/100) -> 92760950 | C314: =B314-$B$6 -> 36182298 | D314: 524.08 | E314: =E313+(($E$406-$E$306)/100) -> 13358174 | G314: =(B314-B313)/10^6 -> 0.13634643 | H314: =C314/$C$2006 -> 0.074515335
A315: 524.09 | B315: =B314+(($B$406-$B$306)/100) -> 92897297 | C315: =B315-$B$6 -> 36318645 | D315: 524.09 | E315: =E314+(($E$406-$E$306)/100) -> 13392086 | G315: =(B315-B314)/10^6 -> 0.13634643 | H315: =C315/$C$2006 -> 0.074796133
A316: 524.1 | B316: =B315+(($B$406-$B$306)/100) -> 93033643 | C316: =B316-$B$6 -> 36454991 | D316: 524.1 | E316: =E315+(($E$406-$E$306)/100) -> 13425997 | G316: =(B316-B315)/10^6 -> 0.13634643 | H316: =C316/$C$2006 -> 0.07507693
A317: 524.11 | B317: =B316+(($B$406-$B$306)/100) -> 93169990 | C317: =B317-$B$6 -> 36591338 | D317: 524.11 | E317: =E316+(($E$406-$E$306)/100) -> 13459908 | G317: =(B317-B316)/10^6 -> 0.13634643 | H317: =C317/$C$2006 -> 0.075357728
A318: 524.12 | B318: =B317+(($B$406-$B$306)/100) -> 93306336 | C318: =B318-$B$6 -> 36727684 | D318: 524.12 | E318: =E317+(($E$406-$E$306)/100) -> 13493820 | G318: =(B318-B317)/10^6 -> 0.13634643 | H318: =C318/$C$2006 -> 0.075638525
... A405: 524.99 | B405: =B404+(($B$406-$B$306)/100) -> 1.0516848e+08 | C405: =B405-$B$6 -> 48589824 | D405: 524.99 | E405: =E404+(($E$406-$E$306)/100) -> 16444111 | G405: =(B405-B404)/10^6 -> 0.13634643 | H405: =C405/$C$2006 -> 0.10006791
A406: 525 | B406: 1.0530482e+08 | C406: =B406-$B$6 -> 48726170 | D406: 525 | E406: 16478022 | G406: =(B406-B405)/10^6 -> 0.13634643 | H406: =C406/$C$2006 -> 0.10034871
A407: 525.01 | B407: =B406+(($B$506-$B$406)/100) -> 1.0547942e+08 | C407: =B407-$B$6 -> 48900769 | D407: 525.01 | E407: =E406+(($E$506-$E$406)/100) -> 16493502 | G407: =(B407-B406)/10^6 -> 0.17459911 | H407: =C407/$C$2006 -> 0.10070828
A408: 525.02 | B408: =B407+(($B$506-$B$406)/100) -> 1.0565402e+08 | C408: =B408-$B$6 -> 49075368 | D408: 525.02 | E408: =E407+(($E$506-$E$406)/100) -> 16508983 | G408: =(B408-B407)/10^6 -> 0.17459911 | H408: =C408/$C$2006 -> 0.10106786
A409: 525.03 | B409: =B408+(($B$506-$B$406)/100) -> 1.0582862e+08 | C409: =B409-$B$6 -> 49249967 | D409: 525.03 | E409: =E408+(($E$506-$E$406)/100) -> 16524463 | G409: =(B409-B408)/10^6 -> 0.17459911 | H409: =C409/$C$2006 -> 0.10142744
A410: 525.04 | B410: =B409+(($B$506-$B$406)/100) -> 1.0600322e+08 | C410: =B410-$B$6 -> 49424567 | D410: 525.04 | E410: =E409+(($E$506-$E$406)/100) -> 16539943 | G410: =(B410-B409)/10^6 -> 0.17459911 | H410: =C410/$C$2006 -> 0.10178701
A411: 525.05 | B411: =B410+(($B$506-$B$406)/100) -> 1.0617782e+08 | C411: =B411-$B$6 -> 49599166 | D411: 525.05 | E411: =E410+(($E$506-$E$406)/100) -> 16555424 | G411: =(B411-B410)/10^6 -> 0.17459911 | H411: =C411/$C$2006 -> 0.10214659
A412: 525.06 | B412: =B411+(($B$506-$B$406)/100) -> 1.0635242e+08 | C412: =B412-$B$6 -> 49773765 | D412: 525.06 | E412: =E411+(($E$506-$E$406)/100) -> 16570904 | G412: =(B412-B411)/10^6 -> 0.17459911 | H412: =C412/$C$2006 -> 0.10250617
A413: 525.07 | B413: =B412+(($B$506-$B$406)/100) -> 1.0652702e+08 | C413: =B413-$B$6 -> 49948364 | D413: 525.07 | E413: =E412+(($E$506-$E$406)/100) -> 16586384 | G413: =(B413-B412)/10^6 -> 0.17459911 | H413: =C413/$C$2006 -> 0.10286574
A414: 525.08 | B414: =B413+(($B$506-$B$406)/100) -> 1.0670161e+08 | C414: =B414-$B$6 -> 50122963 | D414: 525.08 | E414: =E413+(($E$506-$E$406)/100) -> 16601865 | G414: =(B414-B413)/10^6 -> 0.17459911 | H414: =C414/$C$2006 -> 0.10322532
A415: 525.09 | B415: =B414+(($B$506-$B$406)/100) -> 1.0687621e+08 | C415: =B415-$B$6 -> 50297562 | D415: 525.09 | E415: =E414+(($E$506-$E$406)/100) -> 16617345 | G415: =(B415-B414)/10^6 -> 0.17459911 | H415: =C415/$C$2006 -> 0.1035849
A416: 525.1 | B416: =B415+(($B$506-$B$406)/100) -> 1.0705081e+08 | C416: =B416-$B$6 -> 50472161 | D416: 525.1 | E416: =E415+(($E$506-$E$406)/100) -> 16632825 | G416: =(B416-B415)/10^6 -> 0.17459911 | H416: =C416/$C$2006 -> 0.10394447
A417: 525.11 | B417: =B416+(($B$506-$B$406)/100) -> 1.0722541e+08 | C417: =B417-$B$6 -> 50646760 | D417: 525.11 | E417: =E416+(($E$506-$E$406)/100) -> 16648305 | G417: =(B417-B416)/10^6 -> 0.17459911 | H417: =C417/$C$2006 -> 0.10430405
A418: 525.12 | B418: =B417+(($B$506-$B$406)/100) -> 1.0740001e+08 | C418: =B418-$B$6 -> 50821359 | D418: 525.12 | E418: =E417+(($E$506-$E$406)/100) -> 16663786 | G418: =(B418-B417)/10^6 -> 0.17459911 | H418: =C418/$C$2006 -> 0.10466363
... A505: 525.99 | B505: =B504+(($B$506-$B$406)/100) -> 1.2259013e+08 | C505: =B505-$B$6 -> 66011482 | D505: 525.99 | E505: =E504+(($E$506-$E$406)/100) -> 18010574 | G505: =(B505-B504)/10^6 -> 0.17459911 | H505: =C505/$C$2006 -> 0.1359468
A506: 526 | B506: 1.2276473e+08 | C506: =B506-$B$6 -> 66186081 | D506: 526 | E506: 18026055 | G506: =(B506-B505)/10^6 -> 0.17459911 | H506: =C506/$C$2006 -> 0.13630638
A507: 526.01 | B507: =B506+(($B$606-$B$506)/100) -> 1.2294992e+08 | C507: =B507-$B$6 -> 66371263 | D507: 526.01 | E507: =E506+(($E$606-$E$506)/100) -> 18036023 | G507: =(B507-B506)/10^6 -> 0.1851824 | H507: =C507/$C$2006 -> 0.13668775
A508: 526.02 | B508: =B507+(($B$606-$B$506)/100) -> 1.231351e+08 | C508: =B508-$B$6 -> 66556446 | D508: 526.02 | E508: =E507+(($E$606-$E$506)/100) -> 18045991 | G508: =(B508-B507)/10^6 -> 0.1851824 | H508: =C508/$C$2006 -> 0.13706912
A509: 526.03 | B509: =B508+(($B$606-$B$506)/100) -> 1.2332028e+08 | C509: =B509-$B$6 -> 66741628 | D509: 526.03 | E509: =E508+(($E$606-$E$506)/100) -> 18055959 | G509: =(B509-B508)/10^6 -> 0.1851824 | H509: =C509/$C$2006 -> 0.13745049
A510: 526.04 | B510: =B509+(($B$606-$B$506)/100) -> 1.2350546e+08 | C510: =B510-$B$6 -> 66926811 | D510: 526.04 | E510: =E509+(($E$606-$E$506)/100) -> 18065927 | G510: =(B510-B509)/10^6 -> 0.1851824 | H510: =C510/$C$2006 -> 0.13783187
A511: 526.05 | B511: =B510+(($B$606-$B$506)/100) -> 1.2369064e+08 | C511: =B511-$B$6 -> 67111993 | D511: 526.05 | E511: =E510+(($E$606-$E$506)/100) -> 18075896 | G511: =(B511-B510)/10^6 -> 0.1851824 | H511: =C511/$C$2006 -> 0.13821324
A512: 526.06 | B512: =B511+(($B$606-$B$506)/100) -> 1.2387583e+08 | C512: =B512-$B$6 -> 67297175 | D512: 526.06 | E512: =E511+(($E$606-$E$506)/100) -> 18085864 | G512: =(B512-B511)/10^6 -> 0.1851824 | H512: =C512/$C$2006 -> 0.13859461
...

Sheet V_NK2
A1: NK2 | B1: Reservoir | D1: Active | F1: % | G1: Diff | L1: WL | M1: Active Volume m3
A2: ຕົ້ນຊົ່ວໂມງ | B2: 427 | C2: masl | D2: =VLOOKUP(B2,$A$8:$C$808,2) -> 30580000 | E2: m3 | F2: =D2/30580000 -> 1 | G2: =D3-D2 -> 436857.14 | H2: m3 | I2: =B3-B2 -> 0.1 | J2: m | L2: =VLOOKUP(M2,$B$8:$C$808,2) -> 422 | M2: 8737142.9
A3: ທ້າຍຊົ່ວໂມງ | B3: 427.1 | C3: masl | D3: =VLOOKUP(B3,$A$8:$C$808,2) -> 31016857 | E3: m3 | F3: =D3/30580000 -> 1.0142857 | G3: =I3*G2/I2 -> 4368571.4 | H3: m3/m | I3: 1 | J3: m | L3: =VLOOKUP(M3,$B$8:$C$808,2) -> 425.17 | M3: 22585514
K4: Diff | L4: =L3-L2 -> 3.17 | M4: =M3-M2 -> 13848371
A5: (msl.) | B5: m3 | C5: (msl.) | D5: (MCM) | E5: (%) | F5: (MCM) | G5: (%)
A6: Level | B6: Volume | C6: Level | D6: Volume | E6: Volume | F6: Volume | G6: Volume | R6: NK2 Reservoir Water Level and Volume data
A7: NK2 Level [masl] | B7: Active [m3] | C7: NK2 Level [masl] | D7: Total Volume [MCM] | E7: Total [%] | F7: Active [MCM] | G7: Active [%] | I7: R. Water Level (msal) | J7: Volume (m3) | K7: Volume (Mm3) | L7: Active Storage | M7: Active Storage (%) | R7: MASL | S7: Volume (m3) | V7: NO. | W7: Elevation | X7: Interpolated Volume | Y7: Storage | Z7: Space | AD7: WL Plan masl | AG7: Rang-WL | AH7: Turbine Rate
A8: 420 | B8: 2.7810643e-05 | C8: 420 | D8: 40.82 | E8: 57.170868 | F8: 2.7810643e-11 | G8: 9.0943894e-11 | I8: 420 | J8: 40820000 | K8: 40.82 | L8: 0 | M8: 0 | S8: m3 | T8: MCM | W8: MASL | X8: MCM | Y8: % | Z8: m | AC8: 1 | AD8: 426.1 | AF8: 426 | AG8: 427- 426 | AH8: 4.13
A9: 420.01 | B9: 43685.714 | C9: 420.01 | D9: 40.863686 | E9: 57.232053 | F9: 0.043685714 | G9: 0.14285714 | H9: =D9-D8 -> 0.043685714 | I9: 420.01 | J9: 40863686 | K9: 40.863686 | L9: 43685.714 | M9: 0.14285714 | R9: 418 | S9: 0 | T9: 0 | AC9: 2 | AD9: 425.13 | AF9: 424 | AG9: 427- 427 | AH9: 4.2
A10: 420.02 | B10: 87371.429 | C10: 420.02 | D10: 40.907371 | E10: 57.293237 | F10: 0.087371429 | G10: 0.28571429 | H10: =D10-D9 -> 0.043685714 | I10: 420.02 | J10: 40907371 | K10: 40.907371 | L10: 87371.429 | M10: 0.28571429 | R10: 419 | S10: 36451429 | T10: =S10/1000000 -> 36.451429 | V10: Input MASL | W10: 425 | X10: =_xll.SRS1Splines.Functions25.Linear_Interp($R$10:$R$21,$T$10:$T$21,W10) -> 62.662857 | Y10: =IFERROR((X10 - $X$12) / ($X$11- $X$12) * 100, 0) -> 71.428571 | Z10: =W11-W10 -> 2 | AC10: 3 | AD10: 424.72 | AF10: 422 | AG10: 423.99-422 | AH10: 4.29
A11: 420.03 | B11: 131057.14 | C11: 420.03 | D11: 40.951057 | E11: 57.354422 | F11: 0.13105714 | G11: 0.42857143 | H11: =D11-D10 -> 0.043685714 | I11: 420.03 | J11: 40951057 | K11: 40.951057 | L11: 131057.14 | M11: 0.42857143 | R11: 420 | S11: 40820000 | T11: =S11/1000000 -> 40.82 | V11: FSL | W11: 427 | X11: =_xll.SRS1Splines.Functions25.Linear_Interp($R$10:$R$21,$T$10:$T$21,W11) -> 71.4 | Y11: =IFERROR((X11 - $X$12) / ($X$11- $X$12) * 100, 0) -> 100 | AC11: 4 | AD11: 424.89 | AF11: 420 | AG11: 423.99-423 | AH11: 5.29
A12: 420.04 | B12: 174742.86 | C12: 420.04 | D12: 40.994743 | E12: 57.415606 | F12: 0.17474286 | G12: 0.57142857 | H12: =D12-D11 -> 0.043685714 | I12: 420.04 | J12: 40994743 | K12: 40.994743 | L12: 174742.86 | M12: 0.57142857 | R12: 421 | S12: 45188571 | T12: =S12/1000000 -> 45.188571 | V12: MOL | W12: 420 | X12: =_xll.SRS1Splines.Functions25.Linear_Interp($R$10:$R$21,$T$10:$T$21,W12) -> 40.82 | Y12: =IFERROR((X12 - $X$12) / ($X$11- $X$12) * 100, 0) -> 0 | AC12: 5 | AD12: 424.48
A13: 420.05 | B13: 218428.57 | C13: 420.05 | D13: 41.038429 | E13: 57.476791 | F13: 0.21842857 | G13: 0.71428571 | H13: =D13-D12 -> 0.043685714 | I13: 420.05 | J13: 41038429 | K13: 41.038429 | L13: 218428.57 | M13: 0.71428571 | R13: 422 | S13: 49557143 | T13: =S13/1000000 -> 49.557143 | AC13: 6 | AD13: 423.34
A14: 420.06 | B14: 262114.29 | C14: 420.06 | D14: 41.082114 | E14: 57.537975 | F14: 0.26211429 | G14: 0.85714286 | H14: =D14-D13 -> 0.043685714 | I14: 420.06 | J14: 41082114 | K14: 41.082114 | L14: 262114.29 | M14: 0.85714286 | R14: 423 | S14: 53925714 | T14: =S14/1000000 -> 53.925714 | AC14: 7 | AD14: 423.69
A15: 420.07 | B15: 305800 | C15: 420.07 | D15: 41.1258 | E15: 57.59916 | F15: 0.3058 | G15: 1 | H15: =D15-D14 -> 0.043685714 | I15: 420.07 | J15: 41125800 | K15: 41.1258 | L15: 305800 | M15: 1 | R15: 424 | S15: 58294286 | T15: =S15/1000000 -> 58.294286 | AC15: 8 | AD15: 424.21
A16: 420.08 | B16: 349485.71 | C16: 420.08 | D16: 41.169486 | E16: 57.660344 | F16: 0.34948571 | G16: 1.1428571 | H16: =D16-D15 -> 0.043685714 | I16: 420.08 | J16: 41169486 | K16: 41.169486 | L16: 349485.71 | M16: 1.1428571 | R16: 425 | S16: 62662857 | T16: =S16/1000000 -> 62.662857 | AC16: 9 | AD16: 425.45
A17: 420.09 | B17: 393171.43 | C17: 420.09 | D17: 41.213171 | E17: 57.721529 | F17: 0.39317143 | G17: 1.2857143 | H17: =D17-D16 -> 0.043685714 | I17: 420.09 | J17: 41213171 | K17: 41.213171 | L17: 393171.43 | M17: 1.2857143 | R17: 426 | S17: 67031429 | T17: =S17/1000000 -> 67.031429 | AC17: 10 | AD17: 426.45
A18: 420.1 | B18: 436857.14 | C18: 420.1 | D18: 41.256857 | E18: 57.782713 | F18: 0.43685714 | G18: 1.4285714 | H18: =D18-D17 -> 0.043685714 | I18: 420.1 | J18: 41256857 | K18: 41.256857 | L18: 436857.14 | M18: 1.4285714 | R18: 427 | S18: 71400000 | T18: =S18/1000000 -> 71.4 | AC18: 11 | AD18: 426.86
A19: 420.11 | B19: 480542.86 | C19: 420.11 | D19: 41.300543 | E19: 57.843898 | F19: 0.48054286 | G19: 1.5714286 | H19: =D19-D18 -> 0.043685714 | I19: 420.11 | J19: 41300543 | K19: 41.300543 | L19: 480542.86 | M19: 1.5714286 | R19: 428 | S19: 75768571 | T19: =S19/1000000 -> 75.768571 | AC19: 12 | AD19: 426.96
A20: 420.12 | B20: 524228.57 | C20: 420.12 | D20: 41.344229 | E20: 57.905082 | F20: 0.52422857 | G20: 1.7142857 | H20: =D20-D19 -> 0.043685714 | I20: 420.12 | J20: 41344229 | K20: 41.344229 | L20: 524228.57 | M20: 1.7142857 | R20: 429 | S20: 75768571 | T20: =S20/1000000 -> 75.768571
A21: 420.13 | B21: 567914.29 | C21: 420.13 | D21: 41.387914 | E21: 57.966267 | F21: 0.56791429 | G21: 1.8571429 | H21: =D21-D20 -> 0.043685714 | I21: 420.13 | J21: 41387914 | K21: 41.387914 | L21: 567914.29 | M21: 1.8571429 | R21: 430 | S21: 75768571 | T21: =S21/1000000 -> 75.768571
A22: 420.14 | B22: 611600 | C22: 420.14 | D22: 41.4316 | E22: 58.027451 | F22: 0.6116 | G22: 2 | H22: =D22-D21 -> 0.043685714 | I22: 420.14 | J22: 41431600 | K22: 41.4316 | L22: 611600 | M22: 2
A23: 420.15 | B23: 655285.71 | C23: 420.15 | D23: 41.475286 | E23: 58.088635 | F23: 0.65528571 | G23: 2.1428571 | H23: =D23-D22 -> 0.043685714 | I23: 420.15 | J23: 41475286 | K23: 41.475286 | L23: 655285.71 | M23: 2.1428571
A24: 420.16 | B24: 698971.43 | C24: 420.16 | D24: 41.518971 | E24: 58.14982 | F24: 0.69897143 | G24: 2.2857143 | H24: =D24-D23 -> 0.043685714 | I24: 420.16 | J24: 41518971 | K24: 41.518971 | L24: 698971.43 | M24: 2.2857143
A25: 420.17 | B25: 742657.14 | C25: 420.17 | D25: 41.562657 | E25: 58.211004 | F25: 0.74265714 | G25: 2.4285714 | H25: =D25-D24 -> 0.043685714 | I25: 420.17 | J25: 41562657 | K25: 41.562657 | L25: 742657.14 | M25: 2.4285714
A26: 420.18 | B26: 786342.86 | C26: 420.18 | D26: 41.606343 | E26: 58.272189 | F26: 0.78634286 | G26: 2.5714286 | H26: =D26-D25 -> 0.043685714 | I26: 420.18 | J26: 41606343 | K26: 41.606343 | L26: 786342.86 | M26: 2.5714286
A27: 420.19 | B27: 830028.57 | C27: 420.19 | D27: 41.650029 | E27: 58.333373 | F27: 0.83002857 | G27: 2.7142857 | H27: =D27-D26 -> 0.043685714 | I27: 420.19 | J27: 41650029 | K27: 41.650029 | L27: 830028.57 | M27: 2.7142857
A28: 420.2 | B28: 873714.29 | C28: 420.2 | D28: 41.693714 | E28: 58.394558 | F28: 0.87371429 | G28: 2.8571429 | H28: =D28-D27 -> 0.043685714 | I28: 420.2 | J28: 41693714 | K28: 41.693714 | L28: 873714.29 | M28: 2.8571429
A29: 420.21 | B29: 917400 | C29: 420.21 | D29: 41.7374 | E29: 58.455742 | F29: 0.9174 | G29: 3 | H29: =D29-D28 -> 0.043685714 | I29: 420.21 | J29: 41737400 | K29: 41.7374 | L29: 917400 | M29: 3
A30: 420.22 | B30: 961085.71 | C30: 420.22 | D30: 41.781086 | E30: 58.516927 | F30: 0.96108571 | G30: 3.1428571 | H30: =D30-D29 -> 0.043685714 | I30: 420.22 | J30: 41781086 | K30: 41.781086 | L30: 961085.71 | M30: 3.1428571
A31: 420.23 | B31: 1004771.4 | C31: 420.23 | D31: 41.824771 | E31: 58.578111 | F31: 1.0047714 | G31: 3.2857143 | H31: =D31-D30 -> 0.043685714 | I31: 420.23 | J31: 41824771 | K31: 41.824771 | L31: 1004771.4 | M31: 3.2857143
A32: 420.24 | B32: 1048457.1 | C32: 420.24 | D32: 41.868457 | E32: 58.639296 | F32: 1.0484571 | G32: 3.4285714 | H32: =D32-D31 -> 0.043685714 | I32: 420.24 | J32: 41868457 | K32: 41.868457 | L32: 1048457.1 | M32: 3.4285714
A33: 420.25 | B33: 1092142.9 | C33: 420.25 | D33: 41.912143 | E33: 58.70048 | F33: 1.0921429 | G33: 3.5714286 | H33: =D33-D32 -> 0.043685714 | I33: 420.25 | J33: 41912143 | K33: 41.912143 | L33: 1092142.9 | M33: 3.5714286
... A82: 420.74 | B82: 3232742.9 | C82: 420.74 | D82: 44.052743 | E82: 61.698519 | F82: 3.2327429 | G82: 10.571429 | H82: =D82-D81 -> 0.043685714 | I82: 420.74 | J82: 44052743 | K82: 44.052743 | L82: 3232742.9 | M82: 10.571429
A83: 420.75 | B83: 3276428.6 | C83: 420.75 | D83: 44.096429 | E83: 61.759704 | F83: 3.2764286 | G83: 10.714286 | H83: =D83-D82 -> 0.043685714 | I83: 420.75 | J83: 44096429 | K83: 44.096429 | L83: 3276428.6 | M83: 10.714286 | N83: =E86-E80 -> 0.36710684
A84: 420.76 | B84: 3320114.3 | C84: 420.76 | D84: 44.140114 | E84: 61.820888 | F84: 3.3201143 | G84: 10.857143 | H84: =D84-D83 -> 0.043685714 | I84: 420.76 | J84: 44140114 | K84: 44.140114 | L84: 3320114.3 | M84: 10.857143
A85: 420.77 | B85: 3363800 | C85: 420.77 | D85: 44.1838 | E85: 61.882073 | F85: 3.3638 | G85: 11 | H85: =D85-D84 -> 0.043685714 | I85: 420.77 | J85: 44183800 | K85: 44.1838 | L85: 3363800 | M85: 11
A86: 420.78 | B86: 3407485.7 | C86: 420.78 | D86: 44.227486 | E86: 61.943257 | F86: 3.4074857 | G86: 11.142857 | H86: =D86-D85 -> 0.043685714 | I86: 420.78 | J86: 44227486 | K86: 44.227486 | L86: 3407485.7 | M86: 11.142857
A87: 420.79 | B87: 3451171.4 | C87: 420.79 | D87: 44.271171 | E87: 62.004442 | F87: 3.4511714 | G87: 11.285714 | H87: =D87-D86 -> 0.043685714 | I87: 420.79 | J87: 44271171 | K87: 44.271171 | L87: 3451171.4 | M87: 11.285714
A88: 420.8 | B88: 3494857.1 | C88: 420.8 | D88: 44.314857 | E88: 62.065626 | F88: 3.4948571 | G88: 11.428571 | H88: =D88-D87 -> 0.043685714 | I88: 420.8 | J88: 44314857 | K88: 44.314857 | L88: 3494857.1 | M88: 11.428571
A89: 420.81 | B89: 3538542.9 | C89: 420.81 | D89: 44.358543 | E89: 62.126811 | F89: 3.5385429 | G89: 11.571429 | H89: =D89-D88 -> 0.043685714 | I89: 420.81 | J89: 44358543 | K89: 44.358543 | L89: 3538542.9 | M89: 11.571429
A90: 420.82 | B90: 3582228.6 | C90: 420.82 | D90: 44.402229 | E90: 62.187995 | F90: 3.5822286 | G90: 11.714286 | H90: =D90-D89 -> 0.043685714 | I90: 420.82 | J90: 44402229 | K90: 44.402229 | L90: 3582228.6 | M90: 11.714286
A91: 420.83 | B91: 3625914.3 | C91: 420.83 | D91: 44.445914 | E91: 62.24918 | F91: 3.6259143 | G91: 11.857143 | H91: =D91-D90 -> 0.043685714 | I91: 420.83 | J91: 44445914 | K91: 44.445914 | L91: 3625914.3 | M91: 11.857143
A92: 420.84 | B92: 3669600 | C92: 420.84 | D92: 44.4896 | E92: 62.310364 | F92: 3.6696 | G92: 12 | H92: =D92-D91 -> 0.043685714 | I92: 420.84 | J92: 44489600 | K92: 44.4896 | L92: 3669600 | M92: 12
A93: 420.85 | B93: 3713285.7 | C93: 420.85 | D93: 44.533286 | E93: 62.371549 | F93: 3.7132857 | G93: 12.142857 | H93: =D93-D92 -> 0.043685714 | I93: 420.85 | J93: 44533286 | K93: 44.533286 | L93: 3713285.7 | M93: 12.142857
A94: 420.86 | B94: 3756971.4 | C94: 420.86 | D94: 44.576971 | E94: 62.432733 | F94: 3.7569714 | G94: 12.285714 | H94: =D94-D93 -> 0.043685714 | I94: 420.86 | J94: 44576971 | K94: 44.576971 | L94: 3756971.4 | M94: 12.285714
A95: 420.87 | B95: 3800657.1 | C95: 420.87 | D95: 44.620657 | E95: 62.493918 | F95: 3.8006571 | G95: 12.428571 | H95: =D95-D94 -> 0.043685714 | I95: 420.87 | J95: 44620657 | K95: 44.620657 | L95: 3800657.1 | M95: 12.428571
... A548: 425.4 | B548: 23590286 | C548: 425.4 | D548: 64.410286 | E548: 90.210484 | F548: 23.590286 | G548: 77.142857 | H548: =D548-D547 -> 0.043685714 | I548: 425.4 | J548: 64410286 | K548: 64.410286 | L548: 23590286 | M548: 77.142857
A549: 425.41 | B549: 23633971 | C549: 425.41 | D549: 64.453971 | E549: 90.271669 | F549: 23.633971 | G549: 77.285714 | H549: =D549-D548 -> 0.043685714 | I549: 425.41 | J549: 64453971 | K549: 64.453971 | L549: 23633971 | M549: 77.285714 | P549: =K557-K546 -> 0.48054286
A550: 425.42 | B550: 23677657 | C550: 425.42 | D550: 64.497657 | E550: 90.332853 | F550: 23.677657 | G550: 77.428571 | H550: =D550-D549 -> 0.043685714 | I550: 425.42 | J550: 64497657 | K550: 64.497657 | L550: 23677657 | M550: 77.428571
A551: 425.43 | B551: 23721343 | C551: 425.43 | D551: 64.541343 | E551: 90.394038 | F551: 23.721343 | G551: 77.571429 | H551: =D551-D550 -> 0.043685714 | I551: 425.43 | J551: 64541343 | K551: 64.541343 | L551: 23721343 | M551: 77.571429
A552: 425.44 | B552: 23765029 | C552: 425.44 | D552: 64.585029 | E552: 90.455222 | F552: 23.765029 | G552: 77.714286 | H552: =D552-D551 -> 0.043685714 | I552: 425.44 | J552: 64585029 | K552: 64.585029 | L552: 23765029 | M552: 77.714286
A553: 425.45 | B553: 23808714 | C553: 425.45 | D553: 64.628714 | E553: 90.516407 | F553: 23.808714 | G553: 77.857143 | H553: =D553-D552 -> 0.043685714 | I553: 425.45 | J553: 64628714 | K553: 64.628714 | L553: 23808714 | M553: 77.857143
A554: 425.46 | B554: 23852400 | C554: 425.46 | D554: 64.6724 | E554: 90.577591 | F554: 23.8524 | G554: 78 | H554: =D554-D553 -> 0.043685714 | I554: 425.46 | J554: 64672400 | K554: 64.6724 | L554: 23852400 | M554: 78
A555: 425.47 | B555: 23896086 | C555: 425.47 | D555: 64.716086 | E555: 90.638776 | F555: 23.896086 | G555: 78.142857 | H555: =D555-D554 -> 0.043685714 | I555: 425.47 | J555: 64716086 | K555: 64.716086 | L555: 23896086 | M555: 78.142857
A556: 425.48 | B556: 23939771 | C556: 425.48 | D556: 64.759771 | E556: 90.69996 | F556: 23.939771 | G556: 78.285714 | H556: =D556-D555 -> 0.043685714 | I556: 425.48 | J556: 64759771 | K556: 64.759771 | L556: 23939771 | M556: 78.285714
A557: 425.49 | B557: 23983457 | C557: 425.49 | D557: 64.803457 | E557: 90.761144 | F557: 23.983457 | G557: 78.428571 | H557: =D557-D556 -> 0.043685714 | I557: 425.49 | J557: 64803457 | K557: 64.803457 | L557: 23983457 | M557: 78.428571
A558: 425.5 | B558: 24027143 | C558: 425.5 | D558: 64.847143 | E558: 90.822329 | F558: 24.027143 | G558: 78.571429 | H558: =D558-D557 -> 0.043685714 | I558: 425.5 | J558: 64847143 | K558: 64.847143 | L558: 24027143 | M558: 78.571429
A559: 425.51 | B559: 24070829 | C559: 425.51 | D559: 64.890829 | E559: 90.883513 | F559: 24.070829 | G559: 78.714286 | H559: =D559-D558 -> 0.043685714 | I559: 425.51 | J559: 64890829 | K559: 64.890829 | L559: 24070829 | M559: 78.714286
A560: 425.52 | B560: 24114514 | C560: 425.52 | D560: 64.934514 | E560: 90.944698 | F560: 24.114514 | G560: 78.857143 | H560: =D560-D559 -> 0.043685714 | I560: 425.52 | J560: 64934514 | K560: 64.934514 | L560: 24114514 | M560: 78.857143
A561: 425.53 | B561: 24158200 | C561: 425.53 | D561: 64.9782 | E561: 91.005882 | F561: 24.1582 | G561: 79 | H561: =D561-D560 -> 0.043685714 | I561: 425.53 | J561: 64978200 | K561: 64.9782 | L561: 24158200 | M561: 79
... A706: 426.98 | B706: 30492629 | C706: 426.98 | D706: 71.312629 | E706: 99.877631 | F706: 30.492629 | G706: 99.714286 | H706: =D706-D705 -> 0.043685714 | I706: 426.98 | J706: 71312629 | K706: 71.312629 | L706: 30492629 | M706: 99.714286
